timestamp,P_PV,P_Load,P_deferrable0,P_deferrable1,P_grid_pos,P_grid_neg,P_grid,unit_load_cost,unit_prod_price,cost_profit,cost_fun_selfcons
2022-05-07 23:00:00+02:00,0.0,259.36093922651935,0.0,0.0,259.36094,0.0,259.36094,0.1419,0.065,-0.018401658693000002,-0.018401658693000002
2022-05-07 23:30:00+02:00,0.0,325.3968156424581,0.0,0.0,325.39682,0.0,325.39682,0.1419,0.065,-0.023086904379,-0.023086904379
2022-05-08 00:00:00+02:00,0.0,290.5713333333333,0.0,0.0,290.57133,0.0,290.57133,0.1419,0.065,-0.0206160358635,-0.0206160358635
2022-05-08 00:30:00+02:00,0.0,302.6572625698324,0.0,0.0,302.65726,0.0,302.65726,0.1419,0.065,-0.021473532597,-0.021473532597
2022-05-08 01:00:00+02:00,0.0,772.0211475409836,0.0,0.0,772.02115,0.0,772.02115,0.1419,0.065,-0.0547749005925,-0.0547749005925
2022-05-08 01:30:00+02:00,0.0,714.863687150838,0.0,750.0,1464.8637,0.0,1464.8637,0.1419,0.065,-0.10393207951500001,-0.10393207951500001
2022-05-08 02:00:00+02:00,0.0,432.85755555555556,0.0,750.0,1182.8576,0.0,1182.8576,0.1419,0.065,-0.08392374672,-0.08392374672
2022-05-08 02:30:00+02:00,0.0,258.60803370786516,0.0,0.0,258.60803,0.0,258.60803,0.1419,0.065,-0.0183482397285,-0.0183482397285
2022-05-08 03:00:00+02:00,0.0,698.0932417582418,0.0,0.0,698.09324,0.0,698.09324,0.1907,0.065,-0.06656319043400001,-0.06656319043400001
2022-05-08 03:30:00+02:00,0.0,676.7967222222222,0.0,0.0,676.79672,0.0,676.79672,0.1907,0.065,-0.064532567252,-0.064532567252
2022-05-08 04:00:00+02:00,0.0,255.74555555555554,0.0,0.0,255.74556,0.0,255.74556,0.1907,0.065,-0.024385339146000003,-0.024385339146000003
2022-05-08 04:30:00+02:00,0.0,249.52794444444444,0.0,0.0,249.52794,0.0,249.52794,0.1907,0.065,-0.023792489079000004,-0.023792489079000004
2022-05-08 05:00:00+02:00,0.0,192.1711797752809,0.0,0.0,192.17118,0.0,192.17118,0.1907,0.065,-0.018323522013000002,-0.018323522013000002
2022-05-08 05:30:00+02:00,0.0,241.5402808988764,0.0,0.0,241.54028,0.0,241.54028,0.1907,0.065,-0.023030865698,-0.023030865698
2022-05-08 06:00:00+02:00,0.0,307.57827777777777,0.0,0.0,307.57828,0.0,307.57828,0.1907,0.065,-0.029327588998000004,-0.029327588998000004
2022-05-08 06:30:00+02:00,77.28846153846153,211.56016666666667,0.0,0.0,134.27171,0.0,134.27171,0.1907,0.065,-0.012802807548500003,-0.012802807548500003
2022-05-08 07:00:00+02:00,137.19354838709677,618.332,0.0,0.0,481.13845,0.0,481.13845,0.1907,0.065,-0.0458765512075,-0.0458765512075
2022-05-08 07:30:00+02:00,192.78333333333333,1263.8764444444446,0.0,0.0,1071.0931,0.0,1071.0931,0.1907,0.065,-0.10212872708500001,-0.10212872708500001
2022-05-08 08:00:00+02:00,346.60504201680675,1084.5563333333332,0.0,0.0,737.95129,0.0,737.95129,0.1907,0.065,-0.0703636555015,-0.0703636555015
2022-05-08 08:30:00+02:00,684.1866666666666,1332.8394972067038,0.0,0.0,648.65283,0.0,648.65283,0.1907,0.065,-0.0618490473405,-0.0618490473405
2022-05-08 09:00:00+02:00,1051.7309941520468,1368.2192777777777,0.0,0.0,316.48828,0.0,316.48828,0.1907,0.065,-0.030177157498000002,-0.030177157498000002
2022-05-08 09:30:00+02:00,1675.4797687861271,1028.0733333333335,0.0,750.0,102.59356,0.0,102.59356,0.1907,0.065,-0.009782295946,-0.009782295946
2022-05-08 10:00:00+02:00,1922.8275862068965,1113.2808938547487,0.0,750.0,0.0,-59.546692,-59.546692,0.1907,0.065,0.00193526749,0.00193526749
2022-05-08 10:30:00+02:00,2161.8953488372094,319.48161111111114,3000.0,0.0,1157.5863,0.0,1157.5863,0.1907,0.065,-0.110375853705,-0.110375853705
2022-05-08 11:00:00+02:00,2949.247191011236,437.22911111111114,3000.0,0.0,487.98192,0.0,487.98192,0.1907,0.065,-0.046529076072000006,-0.046529076072000006
2022-05-08 11:30:00+02:00,1970.1516853932585,1542.983,0.0,750.0,322.83131,0.0,322.83131,0.1907,0.065,-0.0307819654085,-0.0307819654085
2022-05-08 12:00:00+02:00,2360.9542857142856,1491.4129444444445,0.0,750.0,0.0,-119.54134,-119.54134,0.1907,0.065,0.00388509355,0.00388509355
2022-05-08 12:30:00+02:00,2708.1477272727275,878.9579329608939,3000.0,0.0,1170.8102,0.0,1170.8102,0.1907,0.065,-0.11163675257,-0.11163675257
2022-05-08 13:00:00+02:00,2567.724719101124,485.39672222222225,3000.0,0.0,917.672,0.0,917.672,0.1907,0.065,-0.08750002520000001,-0.08750002520000001
2022-05-08 13:30:00+02:00,2656.1477272727275,356.83799999999997,3000.0,0.0,700.69027,0.0,700.69027,0.1907,0.065,-0.06681081724450001,-0.06681081724450001
2022-05-08 14:00:00+02:00,1960.8479532163742,304.57916666666665,0.0,750.0,0.0,-906.26879,-906.26879,0.1907,0.065,0.029453735675000002,0.029453735675000002
2022-05-08 14:30:00+02:00,3646.3121387283236,364.3859444444445,3000.0,750.0,468.07381,0.0,468.07381,0.1907,0.065,-0.0446308377835,-0.0446308377835
2022-05-08 15:00:00+02:00,2268.2093023255816,364.234469273743,3000.0,0.0,1096.0252,0.0,1096.0252,0.1907,0.065,-0.10450600282000001,-0.10450600282000001
2022-05-08 15:30:00+02:00,2279.2203389830506,897.9873770491804,3000.0,750.0,2368.767,0.0,2368.767,0.1419,0.065,-0.16806401864999998,-0.16806401864999998
2022-05-08 16:00:00+02:00,2901.5254237288136,210.37027777777777,3000.0,0.0,308.84485,0.0,308.84485,0.1419,0.065,-0.021912542107500002,-0.021912542107500002
2022-05-08 16:30:00+02:00,2342.6884057971015,692.0906164383562,3000.0,750.0,2099.4022,0.0,2099.4022,0.1419,0.065,-0.14895258609,-0.14895258609
2022-05-08 17:00:00+02:00,1819.784090909091,1006.5386111111112,0.0,750.0,0.0,-63.24548,-63.24548,0.1419,0.065,0.0020554781000000004,0.0020554781000000004
2022-05-08 17:30:00+02:00,503.60759493670884,842.1545,0.0,0.0,338.54691,0.0,338.54691,0.1907,0.065,-0.032280447868500005,-0.032280447868500005
2022-05-08 18:00:00+02:00,327.90845070422534,781.3841666666666,0.0,0.0,453.47572,0.0,453.47572,0.1907,0.065,-0.043238909902,-0.043238909902
2022-05-08 18:30:00+02:00,255.18421052631578,721.2777900552486,0.0,0.0,466.09358,0.0,466.09358,0.1907,0.065,-0.044442022853,-0.044442022853
2022-05-08 19:00:00+02:00,336.5086206896552,393.5371666666667,0.0,0.0,57.028546,0.0,57.028546,0.1907,0.065,-0.0054376718611,-0.0054376718611
2022-05-08 19:30:00+02:00,274.4741379310345,364.52944444444444,0.0,0.0,90.055307,0.0,90.055307,0.1907,0.065,-0.00858677352245,-0.00858677352245
2022-05-08 20:00:00+02:00,137.8404255319149,365.6037222222222,0.0,0.0,227.7633,0.0,227.7633,0.1907,0.065,-0.021717230655,-0.021717230655
2022-05-08 20:30:00+02:00,42.867924528301884,266.9878333333333,0.0,750.0,974.11991,0.0,974.11991,0.1419,0.065,-0.0691138076145,-0.0691138076145
2022-05-08 21:00:00+02:00,0.0,385.77149999999995,0.0,750.0,1135.7715,0.0,1135.7715,0.1419,0.065,-0.080582987925,-0.080582987925
2022-05-08 21:30:00+02:00,0.0,427.128,0.0,750.0,1177.128,0.0,1177.128,0.1419,0.065,-0.08351723159999999,-0.08351723159999999
2022-05-08 22:00:00+02:00,0.0,359.48344444444444,0.0,750.0,1109.4834,0.0,1109.4834,0.1419,0.065,-0.07871784723,-0.07871784723
2022-05-08 22:30:00+02:00,0.0,384.25586592178774,0.0,750.0,1134.2559,0.0,1134.2559,0.1419,0.065,-0.08047545610500001,-0.08047545610500001
2022-05-08 23:00:00+02:00,0.0,363.9922222222222,0.0,750.0,1113.9922,0.0,1113.9922,0.1419,0.065,-0.07903774659,-0.07903774659
2022-05-08 23:30:00+02:00,0.0,290.4820555555555,0.0,0.0,290.48206,0.0,290.48206,0.1419,0.065,-0.020609702156999997,-0.020609702156999997
2022-05-09 00:00:00+02:00,0.0,290.64077777777777,0.0,0.0,290.64078,0.0,290.64078,0.1419,0.065,-0.020620963341,-0.020620963341
2022-05-09 00:30:00+02:00,0.0,367.23383333333334,0.0,0.0,367.23383,0.0,367.23383,0.1419,0.065,-0.0260552402385,-0.0260552402385
2022-05-09 01:00:00+02:00,0.0,721.7945054945055,0.0,0.0,721.79451,0.0,721.79451,0.1419,0.065,-0.05121132048449999,-0.05121132048449999
2022-05-09 01:30:00+02:00,0.0,659.0382681564246,0.0,0.0,659.03827,0.0,659.03827,0.1419,0.065,-0.0467587652565,-0.0467587652565
2022-05-09 02:00:00+02:00,0.0,168.00226519337016,0.0,0.0,168.00227,0.0,168.00227,0.1419,0.065,-0.0119197610565,-0.0119197610565
2022-05-09 02:30:00+02:00,0.0,323.9778453038674,0.0,750.0,1073.9778,0.0,1073.9778,0.1419,0.065,-0.07619872491,-0.07619872491
2022-05-09 03:00:00+02:00,0.0,445.8767759562841,0.0,0.0,445.87678,0.0,445.87678,0.1907,0.065,-0.042514350973,-0.042514350973
2022-05-09 03:30:00+02:00,0.0,179.69790055248617,0.0,0.0,179.6979,0.0,179.6979,0.1907,0.065,-0.017134194765,-0.017134194765
2022-05-09 04:00:00+02:00,0.0,273.61162011173184,0.0,0.0,273.61162,0.0,273.61162,0.1907,0.065,-0.026088867967000003,-0.026088867967000003
2022-05-09 04:30:00+02:00,0.0,224.34683333333334,0.0,0.0,224.34683,0.0,224.34683,0.1907,0.065,-0.0213914702405,-0.0213914702405
2022-05-09 05:00:00+02:00,0.0,283.93655555555557,0.0,0.0,283.93656,0.0,283.93656,0.1907,0.065,-0.027073350996,-0.027073350996
2022-05-09 05:30:00+02:00,0.0,303.7397222222222,0.0,0.0,303.73972,0.0,303.73972,0.1907,0.065,-0.028961582302,-0.028961582302
2022-05-09 06:00:00+02:00,0.0,266.31794444444444,0.0,0.0,266.31794,0.0,266.31794,0.1907,0.065,-0.025393415579000003,-0.025393415579000003
2022-05-09 06:30:00+02:00,80.67692307692307,278.3003333333333,0.0,0.0,197.62341,0.0,197.62341,0.1907,0.065,-0.0188433921435,-0.0188433921435
2022-05-09 07:00:00+02:00,143.953125,339.94466666666665,0.0,0.0,195.99154,0.0,195.99154,0.1907,0.065,-0.018687793339,-0.018687793339
2022-05-09 07:30:00+02:00,219.09302325581396,448.1766480446927,0.0,0.0,229.08362,0.0,229.08362,0.1907,0.065,-0.021843123167000003,-0.021843123167000003
2022-05-09 08:00:00+02:00,360.85714285714283,1415.6598324022348,0.0,0.0,1054.8027,0.0,1054.8027,0.1907,0.065,-0.10057543744500001,-0.10057543744500001
2022-05-09 08:30:00+02:00,680.6346153846154,522.4942222222222,0.0,0.0,0.0,-158.14039,-158.14039,0.1907,0.065,0.005139562675,0.005139562675
2022-05-09 09:00:00+02:00,1165.4444444444443,329.9253888888889,0.0,750.0,0.0,-85.519056,-85.519056,0.1907,0.065,0.0027793693200000003,0.0027793693200000003
2022-05-09 09:30:00+02:00,1751.622754491018,1514.6205,0.0,750.0,512.99775,0.0,512.99775,0.1907,0.065,-0.0489143354625,-0.0489143354625
2022-05-09 10:00:00+02:00,2488.62874251497,298.7842777777778,0.0,750.0,0.0,-1439.8445,-1439.8445,0.1907,0.065,0.046794946250000004,0.046794946250000004
2022-05-09 10:30:00+02:00,3012.4347826086955,274.201,0.0,750.0,0.0,-1988.2338,-1988.2338,0.1907,0.065,0.0646175985,0.0646175985
2022-05-09 11:00:00+02:00,3369.4127906976746,313.38244444444445,3000.0,0.0,0.0,-56.030346,-56.030346,0.1907,0.065,0.001820986245,0.001820986245
2022-05-09 11:30:00+02:00,3309.7714285714287,369.20748603351956,3000.0,0.0,59.436057,0.0,59.436057,0.1907,0.065,-0.00566722803495,-0.00566722803495
2022-05-09 12:00:00+02:00,3363.0872093023254,505.10755555555556,3000.0,0.0,142.02035,0.0,142.02035,0.1907,0.065,-0.013541640372500002,-0.013541640372500002
2022-05-09 12:30:00+02:00,4199.931428571429,373.6619553072626,3000.0,750.0,0.0,-76.269473,-76.269473,0.1907,0.065,0.0024787578725,0.0024787578725
2022-05-09 13:00:00+02:00,3619.3142857142857,391.18966666666665,3000.0,750.0,521.87538,0.0,521.87538,0.1907,0.065,-0.049760817483,-0.049760817483
2022-05-09 13:30:00+02:00,3876.1294117647058,381.6747222222222,3000.0,750.0,255.54531,0.0,255.54531,0.1907,0.065,-0.0243662453085,-0.0243662453085
2022-05-09 14:00:00+02:00,4172.0344827586205,308.51505555555553,3000.0,750.0,0.0,-113.51943,-113.51943,0.1907,0.065,0.0036893814750000005,0.0036893814750000005
2022-05-09 14:30:00+02:00,4128.036144578313,363.7331284916201,3000.0,750.0,0.0,-14.303016,-14.303016,0.1907,0.065,0.00046484802,0.00046484802
2022-05-09 15:00:00+02:00,2256.183908045977,363.6760555555556,0.0,750.0,0.0,-1142.5079,-1142.5079,0.1907,0.065,0.03713150675,0.03713150675
2022-05-09 15:30:00+02:00,2253.3238636363635,793.6261202185792,0.0,750.0,0.0,-709.69774,-709.69774,0.1419,0.065,0.02306517655,0.02306517655
2022-05-09 16:00:00+02:00,3545.7023809523807,719.8178888888889,3000.0,0.0,174.11551,0.0,174.11551,0.1419,0.065,-0.0123534954345,-0.0123534954345
2022-05-09 16:30:00+02:00,3163.689655172414,298.2709392265193,3000.0,0.0,134.58128,0.0,134.58128,0.1419,0.065,-0.009548541816000001,-0.009548541816000001
2022-05-09 17:00:00+02:00,1697.2142857142858,553.9279005524862,0.0,750.0,0.0,-393.28639,-393.28639,0.1419,0.065,0.012781807675,0.012781807675
2022-05-09 17:30:00+02:00,1805.7882352941176,191.70696132596686,0.0,750.0,0.0,-864.08127,-864.08127,0.1907,0.065,0.028082641275,0.028082641275
2022-05-09 18:00:00+02:00,1787.7118644067796,299.05938547486033,0.0,750.0,0.0,-738.65248,-738.65248,0.1907,0.065,0.0240062056,0.0240062056
2022-05-09 18:30:00+02:00,329.13513513513516,377.85360000000003,0.0,0.0,48.718465,0.0,48.718465,0.1907,0.065,-0.004645305637750001,-0.004645305637750001
2022-05-09 19:00:00+02:00,247.265625,801.412967032967,0.0,0.0,554.14734,0.0,554.14734,0.1907,0.065,-0.052837948869,-0.052837948869
2022-05-09 19:30:00+02:00,260.47286821705427,275.4685635359116,0.0,0.0,14.995695,0.0,14.995695,0.1907,0.065,-0.0014298395182500002,-0.0014298395182500002
2022-05-09 20:00:00+02:00,166.83620689655172,357.76283333333333,0.0,0.0,190.92663,0.0,190.92663,0.1907,0.065,-0.0182048541705,-0.0182048541705
2022-05-09 20:30:00+02:00,55.0,416.4098882681564,0.0,0.0,361.40989,0.0,361.40989,0.1419,0.065,-0.025642031695500004,-0.025642031695500004
2022-05-09 21:00:00+02:00,0.0,390.2637222222222,0.0,0.0,390.26372,0.0,390.26372,0.1419,0.065,-0.027689210933999998,-0.027689210933999998
2022-05-09 21:30:00+02:00,0.0,309.8258888888889,0.0,0.0,309.82589,0.0,309.82589,0.1419,0.065,-0.0219821468955,-0.0219821468955
2022-05-09 22:00:00+02:00,0.0,382.20922222222225,0.0,0.0,382.20922,0.0,382.20922,0.1419,0.065,-0.027117744159,-0.027117744159
2022-05-09 22:30:00+02:00,0.0,370.2379888268157,0.0,0.0,370.23799,0.0,370.23799,0.1419,0.065,-0.026268385390500002,-0.026268385390500002
2022-05-09 23:00:00+02:00,0.0,309.3551111111111,0.0,0.0,309.35511,0.0,309.35511,0.1419,0.065,-0.0219487450545,-0.0219487450545
2022-05-09 23:30:00+02:00,0.0,333.62111111111113,0.0,0.0,333.62111,0.0,333.62111,0.1419,0.065,-0.023670417754499996,-0.023670417754499996
2022-05-10 00:00:00+02:00,0.0,344.39088888888887,0.0,0.0,344.39089,0.0,344.39089,0.1419,0.065,-0.024434533645500002,-0.024434533645500002
2022-05-10 00:30:00+02:00,0.0,243.62933333333334,0.0,0.0,243.62933,0.0,243.62933,0.1419,0.065,-0.0172855009635,-0.0172855009635
2022-05-10 01:00:00+02:00,0.0,741.5895628415301,0.0,0.0,741.58956,0.0,741.58956,0.1419,0.065,-0.052615779282,-0.052615779282
2022-05-10 01:30:00+02:00,0.0,541.8903888888889,0.0,0.0,541.89039,0.0,541.89039,0.1419,0.065,-0.0384471231705,-0.0384471231705
2022-05-10 02:00:00+02:00,0.0,242.85519553072626,0.0,0.0,242.8552,0.0,242.8552,0.1419,0.065,-0.01723057644,-0.01723057644
2022-05-10 02:30:00+02:00,0.0,442.0636464088398,0.0,0.0,442.06365,0.0,442.06365,0.1419,0.065,-0.031364415967499996,-0.031364415967499996
2022-05-10 03:00:00+02:00,0.0,267.3271508379888,0.0,0.0,267.32715,0.0,267.32715,0.1907,0.065,-0.025489643752500003,-0.025489643752500003
2022-05-10 03:30:00+02:00,0.0,269.70522222222223,0.0,0.0,269.70522,0.0,269.70522,0.1907,0.065,-0.025716392727000003,-0.025716392727000003
2022-05-10 04:00:00+02:00,0.0,250.28843575418992,0.0,0.0,250.28844,0.0,250.28844,0.1907,0.065,-0.023865002754000005,-0.023865002754000005
2022-05-10 04:30:00+02:00,0.0,264.5687150837989,0.0,0.0,264.56872,0.0,264.56872,0.1907,0.065,-0.025226627451999998,-0.025226627451999998
2022-05-10 05:00:00+02:00,0.0,246.3661797752809,0.0,0.0,246.36618,0.0,246.36618,0.1907,0.065,-0.023491015263,-0.023491015263
2022-05-10 05:30:00+02:00,0.0,205.19629213483148,0.0,0.0,205.19629,0.0,205.19629,0.1907,0.065,-0.0195654662515,-0.0195654662515
2022-05-10 06:00:00+02:00,0.0,281.86233333333337,0.0,0.0,281.86233,0.0,281.86233,0.1907,0.065,-0.026875573165500002,-0.026875573165500002
2022-05-10 06:30:00+02:00,81.6,309.3776666666667,0.0,0.0,227.77767,0.0,227.77767,0.1907,0.065,-0.0217186008345,-0.0217186008345
2022-05-10 07:00:00+02:00,132.52713178294573,396.04761111111117,0.0,0.0,263.52048,0.0,263.52048,0.1907,0.065,-0.025126677768000004,-0.025126677768000004
2022-05-10 07:30:00+02:00,164.93650793650792,266.02440677966104,0.0,0.0,101.0879,0.0,101.0879,0.1907,0.065,-0.009638731265,-0.009638731265
2022-05-10 08:00:00+02:00,329.68794326241135,314.8494382022472,0.0,0.0,0.0,-14.838505,-14.838505,0.1907,0.065,0.0004822514125,0.0004822514125
2022-05-10 08:30:00+02:00,578.601226993865,234.2482222222222,0.0,0.0,0.0,-344.353,-344.353,0.1907,0.065,0.011191472500000002,0.011191472500000002
2022-05-10 09:00:00+02:00,1099.1785714285713,244.7678888888889,0.0,750.0,0.0,-104.41068,-104.41068,0.1907,0.065,0.0033933471,0.0033933471
2022-05-10 09:30:00+02:00,1728.5714285714287,266.51433333333335,0.0,750.0,0.0,-712.0571,-712.0571,0.1907,0.065,0.023141855750000002,0.023141855750000002
2022-05-10 10:00:00+02:00,2214.759036144578,210.18111731843575,0.0,750.0,0.0,-1254.5779,-1254.5779,0.1907,0.065,0.04077378175000001,0.04077378175000001
2022-05-10 10:30:00+02:00,2660.7865853658536,270.25405555555557,0.0,750.0,0.0,-1640.5325,-1640.5325,0.1907,0.065,0.05331730625,0.05331730625
2022-05-10 11:00:00+02:00,3035.265060240964,311.73766666666666,0.0,750.0,0.0,-1973.5274,-1973.5274,0.1907,0.065,0.0641396405,0.0641396405
2022-05-10 11:30:00+02:00,3372.3636363636365,227.88133333333332,3000.0,0.0,0.0,-144.4823,-144.4823,0.1907,0.065,0.00469567475,0.00469567475
2022-05-10 12:00:00+02:00,3640.9942857142855,239.5825698324022,3000.0,0.0,0.0,-401.41172,-401.41172,0.1907,0.065,0.013045880900000001,0.013045880900000001
2022-05-10 12:30:00+02:00,3729.67816091954,277.5898888888889,3000.0,750.0,297.91173,0.0,297.91173,0.1907,0.065,-0.0284058834555,-0.0284058834555
2022-05-10 13:00:00+02:00,3821.4157303370785,251.46655555555557,3000.0,750.0,180.05083,0.0,180.05083,0.1907,0.065,-0.0171678466405,-0.0171678466405
2022-05-10 13:30:00+02:00,3899.1348314606744,298.1911111111111,3000.0,750.0,149.05628,0.0,149.05628,0.1907,0.065,-0.014212516298,-0.014212516298
2022-05-10 14:00:00+02:00,3756.502857142857,283.3683888888889,3000.0,750.0,276.86553,0.0,276.86553,0.1907,0.065,-0.0263991282855,-0.0263991282855
2022-05-10 14:30:00+02:00,3701.2191011235955,239.8365,3000.0,750.0,288.6174,0.0,288.6174,0.1907,0.065,-0.027519669089999997,-0.027519669089999997
2022-05-10 15:00:00+02:00,3654.587570621469,238.67927777777777,3000.0,750.0,334.09171,0.0,334.09171,0.1907,0.065,-0.0318556445485,-0.0318556445485
2022-05-10 15:30:00+02:00,3398.875706214689,755.2824043715847,3000.0,0.0,356.4067,0.0,356.4067,0.1419,0.065,-0.025287055365,-0.025287055365
2022-05-10 16:00:00+02:00,3303.536312849162,209.8595,3000.0,0.0,0.0,-93.676813,-93.676813,0.1419,0.065,0.0030444964225,0.0030444964225
2022-05-10 16:30:00+02:00,2868.7,254.13783333333333,0.0,750.0,0.0,-1864.5622,-1864.5622,0.1419,0.065,0.0605982715,0.0605982715
2022-05-10 17:00:00+02:00,2178.803370786517,392.0990710382514,0.0,750.0,0.0,-1036.7043,-1036.7043,0.1419,0.065,0.03369288975000001,0.03369288975000001
2022-05-10 17:30:00+02:00,1843.1073446327684,223.67777777777778,0.0,750.0,0.0,-869.42957,-869.42957,0.1907,0.065,0.028256461025000002,0.028256461025000002
2022-05-10 18:00:00+02:00,1773.296089385475,238.05716666666666,0.0,750.0,0.0,-785.23892,-785.23892,0.1907,0.065,0.025520264900000002,0.025520264900000002
2022-05-10 18:30:00+02:00,1693.76875,1164.9605000000001,0.0,750.0,221.19175,0.0,221.19175,0.1907,0.065,-0.021090633362500003,-0.021090633362500003
2022-05-10 19:00:00+02:00,840.503144654088,898.0696111111112,0.0,0.0,57.566466,0.0,57.566466,0.1907,0.065,-0.005488962533100001,-0.005488962533100001
2022-05-10 19:30:00+02:00,395.5365853658537,449.5688826815643,0.0,0.0,54.032297,0.0,54.032297,0.1907,0.065,-0.00515197951895,-0.00515197951895
2022-05-10 20:00:00+02:00,218.4822695035461,473.58444444444444,0.0,0.0,255.10217,0.0,255.10217,0.1907,0.065,-0.024323991909500003,-0.024323991909500003
2022-05-10 20:30:00+02:00,43.84090909090909,293.31100558659216,0.0,0.0,249.4701,0.0,249.4701,0.1419,0.065,-0.017699903595,-0.017699903595
2022-05-10 21:00:00+02:00,0.0,360.63744444444444,0.0,0.0,360.63744,0.0,360.63744,0.1419,0.065,-0.025587226368000003,-0.025587226368000003
2022-05-10 21:30:00+02:00,0.0,471.4557222222222,0.0,0.0,471.45572,0.0,471.45572,0.1419,0.065,-0.033449783334,-0.033449783334
2022-05-10 22:00:00+02:00,0.0,372.6475977653631,0.0,0.0,372.6476,0.0,372.6476,0.1419,0.065,-0.026439347220000003,-0.026439347220000003
2022-05-10 22:30:00+02:00,0.0,411.53988888888887,0.0,0.0,411.53989,0.0,411.53989,0.1419,0.065,-0.0291987551955,-0.0291987551955
2022-05-10 23:00:00+02:00,0.0,351.03696132596684,0.0,0.0,351.03696,0.0,351.03696,0.1419,0.065,-0.024906072312000004,-0.024906072312000004
2022-05-10 23:30:00+02:00,0.0,304.1902222222222,0.0,0.0,304.19022,0.0,304.19022,0.1419,0.065,-0.021582296109,-0.021582296109
2022-05-11 00:00:00+02:00,0.0,361.0997777777778,0.0,0.0,361.09978,0.0,361.09978,0.1419,0.065,-0.025620029391,-0.025620029391
2022-05-11 00:30:00+02:00,0.0,299.54949999999997,0.0,0.0,299.5495,0.0,299.5495,0.1419,0.065,-0.021253037025,-0.021253037025
2022-05-11 01:00:00+02:00,0.0,670.4368306010929,0.0,0.0,670.43683,0.0,670.43683,0.1419,0.065,-0.0475674930885,-0.0475674930885
2022-05-11 01:30:00+02:00,0.0,766.9017222222222,0.0,0.0,766.90172,0.0,766.90172,0.1419,0.065,-0.054411677033999996,-0.054411677033999996
2022-05-11 02:00:00+02:00,0.0,807.6400000000001,0.0,0.0,807.64,0.0,807.64,0.1419,0.065,-0.057302057999999996,-0.057302057999999996
2022-05-11 02:30:00+02:00,0.0,227.35322222222223,0.0,0.0,227.35322,0.0,227.35322,0.1419,0.065,-0.016130710958999997,-0.016130710958999997
2022-05-11 03:00:00+02:00,0.0,242.2435359116022,0.0,0.0,242.24354,0.0,242.24354,0.1907,0.065,-0.023097921539,-0.023097921539
2022-05-11 03:30:00+02:00,0.0,284.9022777777778,0.0,0.0,284.90228,0.0,284.90228,0.1907,0.065,-0.027165432398000004,-0.027165432398000004
2022-05-11 04:00:00+02:00,0.0,216.63116666666667,0.0,0.0,216.63117,0.0,216.63117,0.1907,0.065,-0.020655782059500003,-0.020655782059500003
2022-05-11 04:30:00+02:00,0.0,294.88205555555555,0.0,0.0,294.88206,0.0,294.88206,0.1907,0.065,-0.028117004421000003,-0.028117004421000003
2022-05-11 05:00:00+02:00,0.0,317.0287777777778,0.0,0.0,317.02878,0.0,317.02878,0.1907,0.065,-0.030228694173,-0.030228694173
2022-05-11 05:30:00+02:00,0.0,222.06633333333335,0.0,0.0,222.06633,0.0,222.06633,0.1907,0.065,-0.0211740245655,-0.0211740245655
2022-05-11 06:00:00+02:00,0.0,251.14422222222223,0.0,0.0,251.14422,0.0,251.14422,0.1907,0.065,-0.023946601377000002,-0.023946601377000002
2022-05-11 06:30:00+02:00,72.02272727272727,286.16770949720666,0.0,0.0,214.14498,0.0,214.14498,0.1907,0.065,-0.020418723843000003,-0.020418723843000003
2022-05-11 07:00:00+02:00,112.0721649484536,317.15961111111113,0.0,0.0,205.08745,0.0,205.08745,0.1907,0.065,-0.0195550883575,-0.0195550883575
2022-05-11 07:30:00+02:00,164.10476190476192,356.88616666666667,0.0,0.0,192.7814,0.0,192.7814,0.1907,0.065,-0.01838170649,-0.01838170649
2022-05-11 08:00:00+02:00,290.68888888888887,362.3851111111111,0.0,0.0,71.696222,0.0,71.696222,0.1907,0.065,-0.006836234767700001,-0.006836234767700001
2022-05-11 08:30:00+02:00,648.8807947019867,327.19811111111113,0.0,750.0,428.31732,0.0,428.31732,0.1907,0.065,-0.040840056462,-0.040840056462
2022-05-11 09:00:00+02:00,1168.9407894736842,258.7760674157303,0.0,750.0,0.0,-160.16472,-160.16472,0.1907,0.065,0.0052053534,0.0052053534
2022-05-11 09:30:00+02:00,1709.2025316455697,646.8332222222222,0.0,750.0,0.0,-312.36931,-312.36931,0.1907,0.065,0.010152002575,0.010152002575
2022-05-11 10:00:00+02:00,2214.7672955974845,1278.835393258427,0.0,750.0,0.0,-185.9319,-185.9319,0.1907,0.065,0.00604278675,0.00604278675
2022-05-11 10:30:00+02:00,2650.6363636363635,366.9606703910615,0.0,750.0,0.0,-1533.6757,-1533.6757,0.1907,0.065,0.04984446025000001,0.04984446025000001
2022-05-11 11:00:00+02:00,3004.6918238993712,625.6487222222222,0.0,750.0,0.0,-1629.0431,-1629.0431,0.1907,0.065,0.05294390075000001,0.05294390075000001
2022-05-11 11:30:00+02:00,3308.506097560976,518.2145555555555,3000.0,0.0,209.70846,0.0,209.70846,0.1907,0.065,-0.019995701661000002,-0.019995701661000002
2022-05-11 12:00:00+02:00,3595.150684931507,734.5175722543353,3000.0,0.0,139.36689,0.0,139.36689,0.1907,0.065,-0.013288632961500001,-0.013288632961500001
2022-05-11 12:30:00+02:00,3779.7727272727275,524.5361111111112,3000.0,0.0,0.0,-255.23662,-255.23662,0.1907,0.065,0.00829519015,0.00829519015
2022-05-11 13:00:00+02:00,3860.9076923076923,299.48942857142856,3000.0,750.0,188.58174,0.0,188.58174,0.1907,0.065,-0.017981268909000002,-0.017981268909000002
2022-05-11 13:30:00+02:00,3883.3766233766232,412.5095283018868,3000.0,750.0,279.1329,0.0,279.1329,0.1907,0.065,-0.026615322015,-0.026615322015
2022-05-11 14:00:00+02:00,3960.6455696202534,377.5422222222223,3000.0,750.0,166.89665,0.0,166.89665,0.1907,0.065,-0.015913595577500002,-0.015913595577500002
2022-05-11 14:30:00+02:00,3936.963190184049,342.34644444444444,3000.0,750.0,155.38325,0.0,155.38325,0.1907,0.065,-0.014815792887500002,-0.014815792887500002
2022-05-11 15:00:00+02:00,3898.687074829932,607.420111111111,3000.0,0.0,0.0,-291.26696,-291.26696,0.1907,0.065,0.009466176199999999,0.009466176199999999
2022-05-11 15:30:00+02:00,3761.0779220779223,1200.467267759563,0.0,750.0,0.0,-1810.6107,-1810.6107,0.1419,0.065,0.05884484775,0.05884484775
2022-05-11 16:00:00+02:00,3547.551515151515,1049.4002777777778,0.0,750.0,0.0,-1748.1512,-1748.1512,0.1419,0.065,0.056814914,0.056814914
2022-05-11 16:30:00+02:00,3307.128205128205,608.1580662983425,3000.0,0.0,301.02986,0.0,301.02986,0.1419,0.065,-0.021358068567,-0.021358068567
2022-05-11 17:00:00+02:00,2988.7701863354037,283.1611602209945,3000.0,0.0,294.39097,0.0,294.39097,0.1419,0.065,-0.0208870393215,-0.0208870393215
2022-05-11 17:30:00+02:00,2618.042944785276,632.3597282608696,0.0,750.0,0.0,-1235.6832,-1235.6832,0.1907,0.065,0.040159704,0.040159704
2022-05-11 18:00:00+02:00,2185.4177215189875,924.9158791208791,0.0,750.0,0.0,-510.50184,-510.50184,0.1907,0.065,0.016591309800000002,0.016591309800000002
2022-05-11 18:30:00+02:00,1690.2611464968154,469.17939226519337,0.0,750.0,0.0,-471.08175,-471.08175,0.1907,0.065,0.015310156875000001,0.015310156875000001
2022-05-11 19:00:00+02:00,1141.6012658227849,800.1788524590164,0.0,750.0,408.57759,0.0,408.57759,0.1907,0.065,-0.0389578732065,-0.0389578732065
2022-05-11 19:30:00+02:00,229.984496124031,400.2851912568306,0.0,0.0,170.3007,0.0,170.3007,0.1907,0.065,-0.016238171745000002,-0.016238171745000002
2022-05-11 20:00:00+02:00,76.01020408163265,1168.0042857142857,0.0,0.0,1091.9941,0.0,1091.9941,0.1907,0.065,-0.104121637435,-0.104121637435
2022-05-11 20:30:00+02:00,9.5,627.0155675675676,0.0,0.0,617.51557,0.0,617.51557,0.1419,0.065,-0.043812729691500005,-0.043812729691500005
2022-05-11 21:00:00+02:00,0.0,400.93381215469617,0.0,0.0,400.93381,0.0,400.93381,0.1419,0.065,-0.0284462538195,-0.0284462538195
2022-05-11 21:30:00+02:00,0.0,1580.797111111111,0.0,0.0,1580.7971,0.0,1580.7971,0.1419,0.065,-0.112157554245,-0.112157554245
2022-05-11 22:00:00+02:00,0.0,406.2009497206704,0.0,0.0,406.20095,0.0,406.20095,0.1419,0.065,-0.0288199574025,-0.0288199574025
2022-05-11 22:30:00+02:00,0.0,330.8929444444445,0.0,0.0,330.89294,0.0,330.89294,0.1419,0.065,-0.023476854093000002,-0.023476854093000002
2022-05-11 23:00:00+02:00,0.0,282.5227624309392,0.0,0.0,282.52276,0.0,282.52276,0.1419,0.065,-0.020044989822000002,-0.020044989822000002
2022-05-11 23:30:00+02:00,0.0,327.4675555555556,0.0,0.0,327.46756,0.0,327.46756,0.1419,0.065,-0.023233823382000002,-0.023233823382000002
2022-05-12 00:00:00+02:00,0.0,355.69455555555555,0.0,0.0,355.69456,0.0,355.69456,0.1419,0.065,-0.025236529032,-0.025236529032
2022-05-12 00:30:00+02:00,0.0,335.6985555555556,0.0,0.0,335.69856,0.0,335.69856,0.1419,0.065,-0.023817812831999997,-0.023817812831999997
2022-05-12 01:00:00+02:00,0.0,783.6058241758242,0.0,0.0,783.60582,0.0,783.60582,0.1419,0.065,-0.055596832929,-0.055596832929
2022-05-12 01:30:00+02:00,0.0,290.24016853932585,0.0,0.0,290.24017,0.0,290.24017,0.1419,0.065,-0.0205925400615,-0.0205925400615
2022-05-12 02:00:00+02:00,0.0,294.1984916201117,0.0,0.0,294.19849,0.0,294.19849,0.1419,0.065,-0.020873382865499997,-0.020873382865499997
2022-05-12 02:30:00+02:00,0.0,366.3903846153846,0.0,0.0,366.39038,0.0,366.39038,0.1419,0.065,-0.025995397461,-0.025995397461
2022-05-12 03:00:00+02:00,0.0,251.63893854748605,0.0,0.0,251.63894,0.0,251.63894,0.1907,0.065,-0.023993772929,-0.023993772929
2022-05-12 03:30:00+02:00,0.0,269.2010055865922,0.0,0.0,269.20101,0.0,269.20101,0.1907,0.065,-0.0256683163035,-0.0256683163035
2022-05-12 04:00:00+02:00,0.0,217.3705586592179,0.0,0.0,217.37056,0.0,217.37056,0.1907,0.065,-0.020726282896000002,-0.020726282896000002
2022-05-12 04:30:00+02:00,0.0,232.97522222222221,0.0,0.0,232.97522,0.0,232.97522,0.1907,0.065,-0.022214187227000002,-0.022214187227000002
2022-05-12 05:00:00+02:00,0.0,320.40855555555555,0.0,0.0,320.40856,0.0,320.40856,0.1907,0.065,-0.030550956196000005,-0.030550956196000005
2022-05-12 05:30:00+02:00,0.0,267.16111731843574,0.0,0.0,267.16112,0.0,267.16112,0.1907,0.065,-0.025473812792000002,-0.025473812792000002
2022-05-12 06:00:00+02:00,0.0,217.4363888888889,0.0,0.0,217.43639,0.0,217.43639,0.1907,0.065,-0.0207325597865,-0.0207325597865
2022-05-12 06:30:00+02:00,70.45454545454545,231.7313888888889,0.0,0.0,161.27684,0.0,161.27684,0.1907,0.065,-0.015377746694000001,-0.015377746694000001
2022-05-12 07:00:00+02:00,116.87128712871286,361.3871111111111,0.0,0.0,244.51582,0.0,244.51582,0.1907,0.065,-0.023314583437,-0.023314583437
2022-05-12 07:30:00+02:00,174.6095238095238,319.8858333333333,0.0,0.0,145.27631,0.0,145.27631,0.1907,0.065,-0.0138520961585,-0.0138520961585
2022-05-12 08:00:00+02:00,362.4496644295302,286.6956179775281,0.0,0.0,0.0,-75.754046,-75.754046,0.1907,0.065,0.0024620064950000003,0.0024620064950000003
2022-05-12 08:30:00+02:00,747.7218934911242,234.63266666666667,0.0,750.0,236.91077,0.0,236.91077,0.1907,0.065,-0.022589441919500006,-0.022589441919500006
2022-05-12 09:00:00+02:00,1227.3433734939758,276.48445086705203,0.0,750.0,0.0,-200.85892,-200.85892,0.1907,0.065,0.006527914900000001,0.006527914900000001
2022-05-12 09:30:00+02:00,1767.2616279069769,294.50722222222225,0.0,750.0,0.0,-722.75441,-722.75441,0.1907,0.065,0.023489518325000004,0.023489518325000004
2022-05-12 10:00:00+02:00,2272.5257142857145,271.2636111111111,0.0,750.0,0.0,-1251.2621,-1251.2621,0.1907,0.065,0.04066601825,0.04066601825
2022-05-12 10:30:00+02:00,2318.1714285714284,278.7369832402235,0.0,750.0,0.0,-1289.4344,-1289.4344,0.1907,0.065,0.041906618,0.041906618
2022-05-12 11:00:00+02:00,3116.051724137931,292.75811111111113,0.0,750.0,0.0,-2073.2936,-2073.2936,0.1907,0.065,0.067382042,0.067382042
2022-05-12 11:30:00+02:00,3240.1340782122907,268.4373888888889,3000.0,0.0,28.303311,0.0,28.303311,0.1907,0.065,-0.0026987207038500004,-0.0026987207038500004
2022-05-12 12:00:00+02:00,3521.3888888888887,252.72977777777777,3000.0,0.0,0.0,-268.65911,-268.65911,0.1907,0.065,0.008731421075,0.008731421075
2022-05-12 12:30:00+02:00,3588.842105263158,297.3029608938548,3000.0,750.0,458.46086,0.0,458.46086,0.1907,0.065,-0.043714243001000005,-0.043714243001000005
2022-05-12 13:00:00+02:00,3973.242603550296,330.7853888888889,3000.0,750.0,107.54279,0.0,107.54279,0.1907,0.065,-0.010254205026499999,-0.010254205026499999
2022-05-12 13:30:00+02:00,3982.4886363636365,260.66575418994415,3000.0,750.0,28.177118,0.0,28.177118,0.1907,0.065,-0.0026866882013,-0.0026866882013
2022-05-12 14:00:00+02:00,3899.7966101694915,244.45433333333332,3000.0,750.0,94.657723,0.0,94.657723,0.1907,0.065,-0.009025613888050002,-0.009025613888050002
2022-05-12 14:30:00+02:00,3814.7640449438204,298.6466111111111,3000.0,750.0,233.88257,0.0,233.88257,0.1907,0.065,-0.022300703049500003,-0.022300703049500003
2022-05-12 15:00:00+02:00,3880.7,339.06638888888887,3000.0,750.0,208.36639,0.0,208.36639,0.1907,0.065,-0.019867735286500002,-0.019867735286500002
2022-05-12 15:30:00+02:00,3652.6610169491523,755.5848633879781,3000.0,0.0,102.92385,0.0,102.92385,0.1419,0.065,-0.0073024471575,-0.0073024471575
2022-05-12 16:00:00+02:00,3173.1828571428573,255.31794444444446,3000.0,0.0,82.135087,0.0,82.135087,0.1419,0.065,-0.00582748442265,-0.00582748442265
2022-05-12 16:30:00+02:00,2825.2824858757062,295.08233333333334,0.0,750.0,0.0,-1780.2002,-1780.2002,0.1419,0.065,0.0578565065,0.0578565065
2022-05-12 17:00:00+02:00,2211.7457627118642,445.9456284153006,0.0,750.0,0.0,-1015.8001,-1015.8001,0.1419,0.065,0.03301350325,0.03301350325
2022-05-12 17:30:00+02:00,1714.3202247191011,154.23723756906077,0.0,750.0,0.0,-810.08299,-810.08299,0.1907,0.065,0.026327697175,0.026327697175
2022-05-12 18:00:00+02:00,1065.3668639053255,318.51588888888887,0.0,750.0,3.149025,0.0,3.149025,0.1907,0.065,-0.00030025953375,-0.00030025953375
2022-05-12 18:30:00+02:00,769.25,737.5221111111111,0.0,0.0,0.0,-31.727889,-31.727889,0.1907,0.065,0.0010311563925,0.0010311563925
2022-05-12 19:00:00+02:00,499.47798742138366,655.4306703910614,0.0,0.0,155.95268,0.0,155.95268,0.1907,0.065,-0.014870088037999999,-0.014870088037999999
2022-05-12 19:30:00+02:00,203.40425531914894,414.69022222222225,0.0,0.0,211.28597,0.0,211.28597,0.1907,0.065,-0.0201461172395,-0.0201461172395
2022-05-12 20:00:00+02:00,63.25675675675676,333.51283333333333,0.0,0.0,270.25608,0.0,270.25608,0.1907,0.065,-0.025768917228,-0.025768917228
2022-05-12 20:30:00+02:00,0.0,302.0332960893855,0.0,0.0,302.0333,0.0,302.0333,0.1419,0.065,-0.021429262635,-0.021429262635
2022-05-12 21:00:00+02:00,0.0,335.9987222222222,0.0,0.0,335.99872,0.0,335.99872,0.1419,0.065,-0.023839109184,-0.023839109184
2022-05-12 21:30:00+02:00,0.0,287.7867597765363,0.0,0.0,287.78676,0.0,287.78676,0.1419,0.065,-0.020418470622,-0.020418470622
2022-05-12 22:00:00+02:00,0.0,342.8033888888889,0.0,0.0,342.80339,0.0,342.80339,0.1419,0.065,-0.024321900520499998,-0.024321900520499998
2022-05-12 22:30:00+02:00,0.0,381.40211111111114,0.0,0.0,381.40211,0.0,381.40211,0.1419,0.065,-0.027060479704500002,-0.027060479704500002
2022-05-12 23:00:00+02:00,0.0,321.6037777777778,0.0,0.0,321.60378,0.0,321.60378,0.1419,0.065,-0.022817788191,-0.022817788191
2022-05-12 23:30:00+02:00,0.0,295.51692737430164,0.0,750.0,1045.5169,0.0,1045.5169,0.1419,0.065,-0.074179424055,-0.074179424055
2022-05-13 00:00:00+02:00,0.0,372.84944444444443,0.0,0.0,372.84944,0.0,372.84944,0.1419,0.065,-0.026453667768000004,-0.026453667768000004
2022-05-13 00:30:00+02:00,0.0,383.95311111111107,0.0,750.0,1133.9531,0.0,1133.9531,0.1419,0.065,-0.080453972445,-0.080453972445
2022-05-13 01:00:00+02:00,0.0,738.8545604395605,0.0,0.0,738.85456,0.0,738.85456,0.1419,0.065,-0.052421731032,-0.052421731032
2022-05-13 01:30:00+02:00,0.0,727.4979444444444,0.0,0.0,727.49794,0.0,727.49794,0.1419,0.065,-0.051615978843,-0.051615978843
2022-05-13 02:00:00+02:00,0.0,778.1470555555555,0.0,0.0,778.14706,0.0,778.14706,0.1419,0.065,-0.055209533907,-0.055209533907
2022-05-13 02:30:00+02:00,0.0,442.31681564245815,0.0,0.0,442.31682,0.0,442.31682,0.1419,0.065,-0.031382378379,-0.031382378379
2022-05-13 03:00:00+02:00,0.0,153.7909497206704,0.0,0.0,153.79095,0.0,153.79095,0.1907,0.065,-0.014663967082500002,-0.014663967082500002
2022-05-13 03:30:00+02:00,0.0,256.22201117318434,0.0,0.0,256.22201,0.0,256.22201,0.1907,0.065,-0.024430768653500003,-0.024430768653500003
2022-05-13 04:00:00+02:00,0.0,252.10861111111112,0.0,0.0,252.10861,0.0,252.10861,0.1907,0.065,-0.0240385559635,-0.0240385559635
2022-05-13 04:30:00+02:00,0.0,196.93444444444444,0.0,0.0,196.93444,0.0,196.93444,0.1907,0.065,-0.018777698854,-0.018777698854
2022-05-13 05:00:00+02:00,0.0,280.438,0.0,0.0,280.438,0.0,280.438,0.1907,0.065,-0.0267397633,-0.0267397633
2022-05-13 05:30:00+02:00,0.0,270.9291111111111,0.0,0.0,270.92911,0.0,270.92911,0.1907,0.065,-0.0258330906385,-0.0258330906385
2022-05-13 06:00:00+02:00,0.0,221.06344444444443,0.0,0.0,221.06344,0.0,221.06344,0.1907,0.065,-0.021078399004000003,-0.021078399004000003
2022-05-13 06:30:00+02:00,81.1358024691358,198.08494444444446,0.0,0.0,116.94914,0.0,116.94914,0.1907,0.065,-0.011151100499,-0.011151100499
2022-05-13 07:00:00+02:00,132.018018018018,327.464,0.0,0.0,195.44598,0.0,195.44598,0.1907,0.065,-0.018635774193,-0.018635774193
2022-05-13 07:30:00+02:00,172.90740740740742,313.96333333333337,0.0,0.0,141.05593,0.0,141.05593,0.1907,0.065,-0.0134496829255,-0.0134496829255
2022-05-13 08:00:00+02:00,332.7,222.20854748603352,0.0,0.0,0.0,-110.49145,-110.49145,0.1907,0.065,0.003590972125,0.003590972125
2022-05-13 08:30:00+02:00,683.8724832214765,226.4698888888889,0.0,750.0,292.59741,0.0,292.59741,0.1907,0.065,-0.027899163043500003,-0.027899163043500003
2022-05-13 09:00:00+02:00,1191.9503105590063,255.0243888888889,0.0,750.0,0.0,-186.92592,-186.92592,0.1907,0.065,0.0060750924,0.0060750924
2022-05-13 09:30:00+02:00,1729.2911392405063,220.59216666666669,0.0,750.0,0.0,-758.69897,-758.69897,0.1907,0.065,0.024657716525,0.024657716525
2022-05-13 10:00:00+02:00,2215.93125,258.428156424581,0.0,750.0,0.0,-1207.5031,-1207.5031,0.1907,0.065,0.03924385075,0.03924385075
2022-05-13 10:30:00+02:00,2631.1040462427745,293.9896111111111,0.0,750.0,0.0,-1587.1144,-1587.1144,0.1907,0.065,0.051581218,0.051581218
2022-05-13 11:00:00+02:00,2967.6145251396647,252.22844444444445,3000.0,0.0,284.61392,0.0,284.61392,0.1907,0.065,-0.027137937272000003,-0.027137937272000003
2022-05-13 11:30:00+02:00,2919.2457142857143,210.4382222222222,3000.0,0.0,291.19251,0.0,291.19251,0.1907,0.065,-0.027765205828500006,-0.027765205828500006
2022-05-13 12:00:00+02:00,2521.5057471264367,264.04821229050276,0.0,750.0,0.0,-1507.4575,-1507.4575,0.1907,0.065,0.04899236875000001,0.04899236875000001
2022-05-13 12:30:00+02:00,2958.6988636363635,317.1202777777778,3000.0,0.0,358.42141,0.0,358.42141,0.1907,0.065,-0.0341754814435,-0.0341754814435
2022-05-13 13:00:00+02:00,2745.4802259887006,232.79861111111111,3000.0,0.0,487.31839,0.0,487.31839,0.1907,0.065,-0.046465808486500004,-0.046465808486500004
2022-05-13 13:30:00+02:00,2697.4942528735633,254.41223463687152,0.0,750.0,0.0,-1693.082,-1693.082,0.1907,0.065,0.05502516500000001,0.05502516500000001
2022-05-13 14:00:00+02:00,3469.59217877095,276.7158888888889,3000.0,750.0,557.12371,0.0,557.12371,0.1907,0.065,-0.053121745748499996,-0.053121745748499996
2022-05-13 14:30:00+02:00,3642.516853932584,211.99569832402236,3000.0,750.0,319.47884,0.0,319.47884,0.1907,0.065,-0.030462307394,-0.030462307394
2022-05-13 15:00:00+02:00,3677.6348314606744,316.1797222222222,3000.0,750.0,388.54489,0.0,388.54489,0.1907,0.065,-0.037047755261500004,-0.037047755261500004
2022-05-13 15:30:00+02:00,3826.7041420118344,970.142131147541,3000.0,0.0,143.43799,0.0,143.43799,0.1419,0.065,-0.010176925390500002,-0.010176925390500002
2022-05-13 16:00:00+02:00,3188.141242937853,531.5761666666667,3000.0,0.0,343.43492,0.0,343.43492,0.1419,0.065,-0.024366707574,-0.024366707574
2022-05-13 16:30:00+02:00,2658.9608938547485,232.57344444444445,3000.0,0.0,573.61255,0.0,573.61255,0.1419,0.065,-0.04069781042250001,-0.04069781042250001
2022-05-13 17:00:00+02:00,1872.723163841808,351.0901098901099,0.0,750.0,0.0,-771.63305,-771.63305,0.1419,0.065,0.025078074125000002,0.025078074125000002
2022-05-13 17:30:00+02:00,2377.6555555555556,270.4386740331492,0.0,750.0,0.0,-1357.2169,-1357.2169,0.1907,0.065,0.044109549250000005,0.044109549250000005
2022-05-13 18:00:00+02:00,1590.247191011236,268.44599999999997,0.0,750.0,0.0,-571.80119,-571.80119,0.1907,0.065,0.018583538675,0.018583538675
2022-05-13 18:30:00+02:00,1387.9887640449438,634.7973888888889,0.0,750.0,0.0,-3.1913752,-3.1913752,0.1907,0.065,0.000103719694,0.000103719694
2022-05-13 19:00:00+02:00,1022.7005649717514,1053.2845,0.0,0.0,30.583935,0.0,30.583935,0.1907,0.065,-0.0029161782022500003,-0.0029161782022500003
2022-05-13 19:30:00+02:00,425.14814814814815,407.07177777777775,0.0,0.0,0.0,-18.07637,-18.07637,0.1907,0.065,0.0005874820250000001,0.0005874820250000001
2022-05-13 20:00:00+02:00,137.64077669902912,495.52258426966296,0.0,0.0,357.88181,0.0,357.88181,0.1907,0.065,-0.034124030583500005,-0.034124030583500005
2022-05-13 20:30:00+02:00,66.68831168831169,1301.3537430167598,0.0,0.0,1234.6654,0.0,1234.6654,0.1419,0.065,-0.08759951013,-0.08759951013
2022-05-13 21:00:00+02:00,0.0,1138.8167039106145,0.0,0.0,1138.8167,0.0,1138.8167,0.1419,0.065,-0.080799044865,-0.080799044865
2022-05-13 21:30:00+02:00,0.0,495.99692737430166,0.0,0.0,495.99693,0.0,495.99693,0.1419,0.065,-0.0351909821835,-0.0351909821835
2022-05-13 22:00:00+02:00,0.0,345.66195530726253,0.0,0.0,345.66196,0.0,345.66196,0.1419,0.065,-0.024524716062,-0.024524716062
2022-05-13 22:30:00+02:00,0.0,367.68733333333336,0.0,0.0,367.68733,0.0,367.68733,0.1419,0.065,-0.0260874160635,-0.0260874160635
2022-05-13 23:00:00+02:00,0.0,467.8663535911602,0.0,0.0,467.86635,0.0,467.86635,0.1419,0.065,-0.0331951175325,-0.0331951175325
2022-05-13 23:30:00+02:00,0.0,418.96583333333336,0.0,0.0,418.96583,0.0,418.96583,0.1419,0.065,-0.029725625638499998,-0.029725625638499998
2022-05-14 00:00:00+02:00,0.0,376.6755,0.0,750.0,1126.6755,0.0,1126.6755,0.1419,0.065,-0.079937626725,-0.079937626725
2022-05-14 00:30:00+02:00,0.0,410.92766666666665,0.0,0.0,410.92767,0.0,410.92767,0.1419,0.065,-0.0291553181865,-0.0291553181865
2022-05-14 01:00:00+02:00,0.0,775.3057923497267,0.0,0.0,775.30579,0.0,775.30579,0.1419,0.065,-0.055007945800499995,-0.055007945800499995
2022-05-14 01:30:00+02:00,0.0,1524.3554444444444,0.0,0.0,1524.3554,0.0,1524.3554,0.1419,0.065,-0.10815301563,-0.10815301563
2022-05-14 02:00:00+02:00,0.0,1079.0884444444446,0.0,0.0,1079.0884,0.0,1079.0884,0.1419,0.065,-0.07656132198,-0.07656132198
2022-05-14 02:30:00+02:00,0.0,672.4957142857143,0.0,0.0,672.49571,0.0,672.49571,0.1419,0.065,-0.047713570624500004,-0.047713570624500004
2022-05-14 03:00:00+02:00,0.0,238.94138121546962,0.0,0.0,238.94138,0.0,238.94138,0.1907,0.065,-0.022783060583,-0.022783060583
2022-05-14 03:30:00+02:00,0.0,294.4145555555556,0.0,0.0,294.41456,0.0,294.41456,0.1907,0.065,-0.028072428296000002,-0.028072428296000002
2022-05-14 04:00:00+02:00,0.0,325.36738888888885,0.0,0.0,325.36739,0.0,325.36739,0.1907,0.065,-0.0310237806365,-0.0310237806365
2022-05-14 04:30:00+02:00,0.0,331.9845555555556,0.0,0.0,331.98456,0.0,331.98456,0.1907,0.065,-0.031654727796,-0.031654727796
2022-05-14 05:00:00+02:00,0.0,316.49427777777777,0.0,0.0,316.49428,0.0,316.49428,0.1907,0.065,-0.030177729598000004,-0.030177729598000004
2022-05-14 05:30:00+02:00,0.0,269.60016666666667,0.0,0.0,269.60017,0.0,269.60017,0.1907,0.065,-0.0257063762095,-0.0257063762095
2022-05-14 06:00:00+02:00,0.0,314.53655555555554,0.0,0.0,314.53656,0.0,314.53656,0.1907,0.065,-0.029991060996,-0.029991060996
2022-05-14 06:30:00+02:00,69.38235294117646,365.9696648044693,0.0,0.0,296.58731,0.0,296.58731,0.1907,0.065,-0.0282796000085,-0.0282796000085
2022-05-14 07:00:00+02:00,130.49,320.0207222222222,0.0,0.0,189.53072,0.0,189.53072,0.1907,0.065,-0.018071754152000002,-0.018071754152000002
2022-05-14 07:30:00+02:00,177.72043010752688,312.4362222222222,0.0,0.0,134.71579,0.0,134.71579,0.1907,0.065,-0.0128451505765,-0.0128451505765
2022-05-14 08:00:00+02:00,327.3134328358209,525.1992777777778,0.0,0.0,197.88584,0.0,197.88584,0.1907,0.065,-0.018868414844000002,-0.018868414844000002
2022-05-14 08:30:00+02:00,681.3653846153846,454.94700000000006,0.0,750.0,523.58162,0.0,523.58162,0.1907,0.065,-0.04992350746700001,-0.04992350746700001
2022-05-14 09:00:00+02:00,1191.624203821656,1301.6222222222223,0.0,0.0,109.99802,0.0,109.99802,0.1907,0.065,-0.010488311207,-0.010488311207
2022-05-14 09:30:00+02:00,1547.129411764706,461.5071111111111,0.0,750.0,0.0,-335.6223,-335.6223,0.1907,0.065,0.01090772475,0.01090772475
2022-05-14 10:00:00+02:00,939.8922155688623,385.8833333333333,0.0,750.0,195.99112,0.0,195.99112,0.1907,0.065,-0.018687753292000002,-0.018687753292000002
2022-05-14 10:30:00+02:00,1988.242774566474,1466.0588268156423,0.0,750.0,227.81605,0.0,227.81605,0.1907,0.065,-0.0217222603675,-0.0217222603675
2022-05-14 11:00:00+02:00,2507.2816091954023,322.2681111111111,0.0,750.0,0.0,-1435.0135,-1435.0135,0.1907,0.065,0.04663793875,0.04663793875
2022-05-14 11:30:00+02:00,2943.822857142857,335.99272222222226,3000.0,0.0,392.16987,0.0,392.16987,0.1907,0.065,-0.03739339710450001,-0.03739339710450001
2022-05-14 12:00:00+02:00,3327.1638418079096,326.5693333333333,3000.0,0.0,0.0,-0.59450847,-0.59450847,0.1907,0.065,1.9321525274999997e-05,1.9321525274999997e-05
2022-05-14 12:30:00+02:00,3474.4772727272725,303.8173888888889,3000.0,0.0,0.0,-170.65988,-170.65988,0.1907,0.065,0.0055464461,0.0055464461
2022-05-14 13:00:00+02:00,3868.04,326.05833333333334,3000.0,750.0,208.01833,0.0,208.01833,0.1907,0.065,-0.0198345477655,-0.0198345477655
2022-05-14 13:30:00+02:00,3927.5470588235294,335.9525698324022,3000.0,750.0,158.40551,0.0,158.40551,0.1907,0.065,-0.015103965378500001,-0.015103965378500001
2022-05-14 14:00:00+02:00,3940.211764705882,372.9472222222222,3000.0,750.0,182.73546,0.0,182.73546,0.1907,0.065,-0.017423826111,-0.017423826111
2022-05-14 14:30:00+02:00,3973.3546511627906,325.58061452513965,3000.0,750.0,102.22596,0.0,102.22596,0.1907,0.065,-0.009747245286,-0.009747245286
2022-05-14 15:00:00+02:00,3832.8735632183907,301.4701111111111,3000.0,750.0,218.59655,0.0,218.59655,0.1907,0.065,-0.020843181042500002,-0.020843181042500002
2022-05-14 15:30:00+02:00,3658.7687861271675,850.4773770491803,3000.0,0.0,191.70859,0.0,191.70859,0.1419,0.065,-0.013601724460499998,-0.013601724460499998
2022-05-14 16:00:00+02:00,3403.7932960893854,685.9966111111111,3000.0,0.0,282.20332,0.0,282.20332,0.1419,0.065,-0.020022325554000003,-0.020022325554000003
2022-05-14 16:30:00+02:00,2778.050561797753,524.1296216216216,0.0,750.0,0.0,-1503.9209,-1503.9209,0.1419,0.065,0.04887742925000001,0.04887742925000001
2022-05-14 17:00:00+02:00,2468.551724137931,365.930773480663,0.0,750.0,0.0,-1352.621,-1352.621,0.1419,0.065,0.0439601825,0.0439601825
2022-05-14 17:30:00+02:00,2125.2921348314608,470.12744444444445,0.0,750.0,0.0,-905.16469,-905.16469,0.1907,0.065,0.029417852425000002,0.029417852425000002
2022-05-14 18:00:00+02:00,2334.5955056179773,390.9588333333333,0.0,750.0,0.0,-1193.6367,-1193.6367,0.1907,0.065,0.038793192750000004,0.038793192750000004
2022-05-14 18:30:00+02:00,940.4942528735633,347.4145555555556,0.0,750.0,156.9203,0.0,156.9203,0.1907,0.065,-0.014962350605,-0.014962350605
2022-05-14 19:00:00+02:00,804.3333333333334,1478.9653333333333,0.0,0.0,674.632,0.0,674.632,0.1907,0.065,-0.06432616120000001,-0.06432616120000001
2022-05-14 19:30:00+02:00,391.03246753246754,2201.400055555556,0.0,0.0,1810.3676,0.0,1810.3676,0.1907,0.065,-0.17261855066,-0.17261855066
2022-05-14 20:00:00+02:00,156.09722222222223,573.333,0.0,0.0,417.23578,0.0,417.23578,0.1907,0.065,-0.039783431623,-0.039783431623
2022-05-14 20:30:00+02:00,59.57971014492754,473.0486111111111,0.0,0.0,413.4689,0.0,413.4689,0.1419,0.065,-0.029335618455000004,-0.029335618455000004
2022-05-14 21:00:00+02:00,0.0,542.4185474860335,0.0,0.0,542.41855,0.0,542.41855,0.1419,0.065,-0.0384845961225,-0.0384845961225
2022-05-14 21:30:00+02:00,0.0,506.48616666666663,0.0,0.0,506.48617,0.0,506.48617,0.1419,0.065,-0.035935193761500006,-0.035935193761500006
2022-05-14 22:00:00+02:00,0.0,451.69394444444447,0.0,0.0,451.69394,0.0,451.69394,0.1419,0.065,-0.032047685043,-0.032047685043
2022-05-14 22:30:00+02:00,0.0,361.11804469273744,0.0,0.0,361.11804,0.0,361.11804,0.1419,0.065,-0.025621324938,-0.025621324938
2022-05-14 23:00:00+02:00,0.0,304.1632402234637,0.0,0.0,304.16324,0.0,304.16324,0.1419,0.065,-0.021580381878,-0.021580381878
2022-05-14 23:30:00+02:00,0.0,347.5956111111111,0.0,0.0,347.59561,0.0,347.59561,0.1419,0.065,-0.0246619085295,-0.0246619085295
2022-05-15 00:00:00+02:00,0.0,417.74838888888894,0.0,750.0,1167.7484,0.0,1167.7484,0.1419,0.065,-0.08285174898,-0.08285174898
2022-05-15 00:30:00+02:00,0.0,324.68305555555554,0.0,750.0,1074.6831,0.0,1074.6831,0.1419,0.065,-0.076248765945,-0.076248765945
2022-05-15 01:00:00+02:00,0.0,699.3281215469614,0.0,750.0,1449.3281,0.0,1449.3281,0.1419,0.065,-0.10282982869499999,-0.10282982869499999
2022-05-15 01:30:00+02:00,0.0,853.0796648044693,0.0,0.0,853.07966,0.0,853.07966,0.1419,0.065,-0.060526001877,-0.060526001877
2022-05-15 02:00:00+02:00,0.0,805.8658888888888,0.0,0.0,805.86589,0.0,805.86589,0.1419,0.065,-0.0571761848955,-0.0571761848955
2022-05-15 02:30:00+02:00,0.0,864.1018333333333,0.0,0.0,864.10183,0.0,864.10183,0.1419,0.065,-0.061308024838499994,-0.061308024838499994
2022-05-15 03:00:00+02:00,0.0,304.29555555555555,0.0,0.0,304.29556,0.0,304.29556,0.1907,0.065,-0.029014581646000005,-0.029014581646000005
2022-05-15 03:30:00+02:00,0.0,259.76088397790056,0.0,0.0,259.76088,0.0,259.76088,0.1907,0.065,-0.024768199908,-0.024768199908
2022-05-15 04:00:00+02:00,0.0,324.7109497206704,0.0,0.0,324.71095,0.0,324.71095,0.1907,0.065,-0.030961189082500003,-0.030961189082500003
2022-05-15 04:30:00+02:00,0.0,337.99444444444447,0.0,0.0,337.99444,0.0,337.99444,0.1907,0.065,-0.032227769854,-0.032227769854
2022-05-15 05:00:00+02:00,0.0,338.77681564245813,0.0,0.0,338.77682,0.0,338.77682,0.1907,0.065,-0.032302369787000004,-0.032302369787000004
2022-05-15 05:30:00+02:00,0.0,292.76826815642454,0.0,0.0,292.76827,0.0,292.76827,0.1907,0.065,-0.027915454544499996,-0.027915454544499996
2022-05-15 06:00:00+02:00,0.0,317.1541340782123,0.0,0.0,317.15413,0.0,317.15413,0.1907,0.065,-0.030240646295500002,-0.030240646295500002
2022-05-15 06:30:00+02:00,101.1685393258427,336.11404494382026,0.0,0.0,234.94551,0.0,234.94551,0.1907,0.065,-0.0224020543785,-0.0224020543785
2022-05-15 07:00:00+02:00,180.45689655172413,372.2441666666667,0.0,0.0,191.78727,0.0,191.78727,0.1907,0.065,-0.018286916194500003,-0.018286916194500003
2022-05-15 07:30:00+02:00,237.43243243243242,885.9073333333333,0.0,0.0,648.4749,0.0,648.4749,0.1907,0.065,-0.06183208171500001,-0.06183208171500001
2022-05-15 08:00:00+02:00,442.03472222222223,506.4948888888889,0.0,0.0,64.460167,0.0,64.460167,0.1907,0.065,-0.0061462769234500005,-0.0061462769234500005
2022-05-15 08:30:00+02:00,823.7682119205298,397.61494444444446,0.0,750.0,323.84673,0.0,323.84673,0.1907,0.065,-0.0308787857055,-0.0308787857055
2022-05-15 09:00:00+02:00,1230.5389610389611,1284.7274444444445,0.0,0.0,54.188483,0.0,54.188483,0.1907,0.065,-0.00516687185405,-0.00516687185405
2022-05-15 09:30:00+02:00,1560.2469135802469,515.6519444444444,0.0,750.0,0.0,-294.59497,-294.59497,0.1907,0.065,0.009574336525,0.009574336525
2022-05-15 10:00:00+02:00,2125.3699421965316,970.3354444444444,0.0,750.0,0.0,-405.0345,-405.0345,0.1907,0.065,0.01316362125,0.01316362125
2022-05-15 10:30:00+02:00,2620.925287356322,968.3763888888889,0.0,750.0,0.0,-902.5489,-902.5489,0.1907,0.065,0.029332839250000003,0.029332839250000003
2022-05-15 11:00:00+02:00,2982.29696969697,380.4638888888889,3000.0,0.0,398.16692,0.0,398.16692,0.1907,0.065,-0.037965215822000006,-0.037965215822000006
2022-05-15 11:30:00+02:00,3279.644970414201,425.06716666666665,3000.0,0.0,145.4222,0.0,145.4222,0.1907,0.065,-0.01386600677,-0.01386600677
2022-05-15 12:00:00+02:00,3437.5755813953488,948.6709444444443,0.0,750.0,0.0,-1738.9046,-1738.9046,0.1907,0.065,0.05651439950000001,0.05651439950000001
2022-05-15 12:30:00+02:00,3765.107344632768,1786.0059444444446,0.0,750.0,0.0,-1229.1014,-1229.1014,0.1907,0.065,0.039945795500000006,0.039945795500000006
2022-05-15 13:00:00+02:00,3497.921348314607,867.5581666666667,3000.0,0.0,369.63682,0.0,369.63682,0.1907,0.065,-0.035244870787000004,-0.035244870787000004
2022-05-15 13:30:00+02:00,3605.338888888889,617.7083888888889,3000.0,0.0,12.3695,0.0,12.3695,0.1907,0.065,-0.001179431825,-0.001179431825
2022-05-15 14:00:00+02:00,3911.6514285714284,433.7847777777778,3000.0,750.0,272.13335,0.0,272.13335,0.1907,0.065,-0.025947914922500002,-0.025947914922500002
2022-05-15 14:30:00+02:00,3857.0462427745665,333.9595,3000.0,750.0,226.91326,0.0,226.91326,0.1907,0.065,-0.021636179341,-0.021636179341
2022-05-15 15:00:00+02:00,3699.05325443787,414.9254748603352,3000.0,750.0,465.87222,0.0,465.87222,0.1907,0.065,-0.044420916177,-0.044420916177
2022-05-15 15:30:00+02:00,3803.0833333333335,1079.5692972972972,3000.0,0.0,276.48596,0.0,276.48596,0.1419,0.065,-0.019616678861999998,-0.019616678861999998
2022-05-15 16:00:00+02:00,3670.4795321637425,1022.2562222222222,3000.0,0.0,351.77669,0.0,351.77669,0.1419,0.065,-0.024958556155499998,-0.024958556155499998
2022-05-15 16:30:00+02:00,3453.277108433735,1124.0037777777777,0.0,750.0,0.0,-1579.2733,-1579.2733,0.1419,0.065,0.051326382250000004,0.051326382250000004
2022-05-15 17:00:00+02:00,3059.824858757062,650.7963535911603,3000.0,0.0,590.97149,0.0,590.97149,0.1419,0.065,-0.0419294272155,-0.0419294272155
2022-05-15 17:30:00+02:00,2682.1754385964914,288.8937222222222,0.0,750.0,0.0,-1643.2817,-1643.2817,0.1907,0.065,0.053406655250000004,0.053406655250000004
2022-05-15 18:00:00+02:00,2000.7076023391812,454.69522222222224,0.0,750.0,0.0,-796.01238,-796.01238,0.1907,0.065,0.025870402350000002,0.025870402350000002
2022-05-15 18:30:00+02:00,1761.9818181818182,533.8790555555555,0.0,750.0,0.0,-478.10276,-478.10276,0.1907,0.065,0.0155383397,0.0155383397
2022-05-15 19:00:00+02:00,1367.3696969696969,1309.8903888888888,0.0,0.0,0.0,-57.479308,-57.479308,0.1907,0.065,0.0018680775100000002,0.0018680775100000002
2022-05-15 19:30:00+02:00,489.1019108280255,718.2635195530726,0.0,0.0,229.16161,0.0,229.16161,0.1907,0.065,-0.0218505595135,-0.0218505595135
2022-05-15 20:00:00+02:00,266.6896551724138,1371.273407821229,0.0,0.0,1104.5838,0.0,1104.5838,0.1907,0.065,-0.10532206533000002,-0.10532206533000002
2022-05-15 20:30:00+02:00,115.15384615384616,528.6706111111112,0.0,0.0,413.51676,0.0,413.51676,0.1419,0.065,-0.029339014122,-0.029339014122
2022-05-15 21:00:00+02:00,0.0,327.12316666666663,0.0,0.0,327.12317,0.0,327.12317,0.1419,0.065,-0.0232093889115,-0.0232093889115
2022-05-15 21:30:00+02:00,0.0,305.61385474860333,0.0,0.0,305.61385,0.0,305.61385,0.1419,0.065,-0.0216833026575,-0.0216833026575
2022-05-15 22:00:00+02:00,0.0,375.1760555555556,0.0,0.0,375.17606,0.0,375.17606,0.1419,0.065,-0.026618741456999998,-0.026618741456999998
2022-05-15 22:30:00+02:00,0.0,363.3608333333333,0.0,0.0,363.36083,0.0,363.36083,0.1419,0.065,-0.025780450888500003,-0.025780450888500003
