timestamp,P_PV,P_Load,P_deferrable0,P_deferrable1,P_grid_pos,P_grid_neg,P_grid,unit_load_cost,unit_prod_price,cost_profit,cost_fun_profit
2022-02-23 22:00:00+01:00,0.0,2453.223483146068,0.0,0.0,2453.2235,0.0,2453.2235,0.1419,0.065,-0.17405620732500002,-0.17405620732500002
2022-02-23 22:30:00+01:00,0.0,2411.400786516854,0.0,0.0,2411.4008,0.0,2411.4008,0.1419,0.065,-0.17108888675999998,-0.17108888675999998
2022-02-23 23:00:00+01:00,0.0,386.5045762711864,0.0,750.0,1136.5046,0.0,1136.5046,0.1419,0.065,-0.08063500137,-0.08063500137
2022-02-23 23:30:00+01:00,0.0,286.8602234636872,3000.0,750.0,4036.8602,0.0,4036.8602,0.1419,0.065,-0.28641523119,-0.28641523119
2022-02-24 00:00:00+01:00,0.0,305.2951704545454,3000.0,0.0,3305.2952,0.0,3305.2952,0.1419,0.065,-0.23451069444,-0.23451069444
2022-02-24 00:30:00+01:00,0.0,236.834375,3000.0,750.0,3986.8344,0.0,3986.8344,0.1419,0.065,-0.28286590068000006,-0.28286590068000006
2022-02-24 01:00:00+01:00,0.0,586.4808839779005,3000.0,750.0,4336.4809,0.0,4336.4809,0.1419,0.065,-0.307673319855,-0.307673319855
2022-02-24 01:30:00+01:00,0.0,615.9687428571428,3000.0,750.0,4365.9687,0.0,4365.9687,0.1419,0.065,-0.30976547926500003,-0.30976547926500003
2022-02-24 02:00:00+01:00,0.0,274.0878977272727,3000.0,750.0,4024.0879,0.0,4024.0879,0.1419,0.065,-0.285509036505,-0.285509036505
2022-02-24 02:30:00+01:00,0.0,313.83448863636363,3000.0,750.0,4063.8345,0.0,4063.8345,0.1419,0.065,-0.28832905777499995,-0.28832905777499995
2022-02-24 03:00:00+01:00,0.0,515.0140571428572,0.0,0.0,515.01406,0.0,515.01406,0.1907,0.065,-0.049106590621,-0.049106590621
2022-02-24 03:30:00+01:00,0.0,563.1394350282486,0.0,0.0,563.13944,0.0,563.13944,0.1907,0.065,-0.053695345604,-0.053695345604
2022-02-24 04:00:00+01:00,0.0,705.6142458100559,0.0,0.0,705.61425,0.0,705.61425,0.1907,0.065,-0.0672803187375,-0.0672803187375
2022-02-24 04:30:00+01:00,0.0,876.5598863636365,0.0,0.0,876.55989,0.0,876.55989,0.1907,0.065,-0.0835799855115,-0.0835799855115
2022-02-24 05:00:00+01:00,0.0,1058.0423033707866,0.0,0.0,1058.0423,0.0,1058.0423,0.1907,0.065,-0.10088433330500002,-0.10088433330500002
2022-02-24 05:30:00+01:00,0.0,804.4858139534883,0.0,0.0,804.48581,0.0,804.48581,0.1907,0.065,-0.07670772198350001,-0.07670772198350001
2022-02-24 06:00:00+01:00,0.0,3404.9723863636364,0.0,0.0,3404.9724,0.0,3404.9724,0.1907,0.065,-0.32466411834000003,-0.32466411834000003
2022-02-24 06:30:00+01:00,0.0,3395.976327683616,0.0,0.0,3395.9763,0.0,3395.9763,0.1907,0.065,-0.323806340205,-0.323806340205
2022-02-24 07:00:00+01:00,0.0,1315.9098245614034,0.0,0.0,1315.9098,0.0,1315.9098,0.1907,0.065,-0.12547199943,-0.12547199943
2022-02-24 07:30:00+01:00,119.89393939393939,727.136384180791,0.0,0.0,607.24244,0.0,607.24244,0.1907,0.065,-0.057900566654,-0.057900566654
2022-02-24 08:00:00+01:00,269.0147058823529,774.9403351955308,0.0,0.0,505.92563,0.0,505.92563,0.1907,0.065,-0.0482400088205,-0.0482400088205
2022-02-24 08:30:00+01:00,489.2922077922078,543.1629943502825,0.0,0.0,53.870787,0.0,53.870787,0.1907,0.065,-0.00513657954045,-0.00513657954045
2022-02-24 09:00:00+01:00,1040.3908045977012,565.4585795454545,0.0,750.0,275.06777,0.0,275.06777,0.1907,0.065,-0.026227711869500004,-0.026227711869500004
2022-02-24 09:30:00+01:00,1272.5402298850574,380.22308988764047,0.0,750.0,0.0,-142.31714,-142.31714,0.1907,0.065,0.00462530705,0.00462530705
2022-02-24 10:00:00+01:00,987.6407185628742,519.3416477272727,0.0,750.0,281.70093,0.0,281.70093,0.1907,0.065,-0.026860183675500006,-0.026860183675500006
2022-02-24 10:30:00+01:00,484.5426829268293,1199.3830726256983,0.0,0.0,714.84039,0.0,714.84039,0.1907,0.065,-0.06816003118649999,-0.06816003118649999
2022-02-24 11:00:00+01:00,630.7365269461078,5242.465617977528,0.0,0.0,4611.7291,0.0,4611.7291,0.1907,0.065,-0.43972836968499995,-0.43972836968499995
2022-02-24 11:30:00+01:00,901.3786982248521,4629.269659090909,0.0,0.0,3727.891,0.0,3727.891,0.1907,0.065,-0.35545440685,-0.35545440685
2022-02-24 12:00:00+01:00,2204.115606936416,2821.2944318181817,0.0,0.0,617.17882,0.0,617.17882,0.1907,0.065,-0.058848000487,-0.058848000487
2022-02-24 12:30:00+01:00,2341.4337349397592,2935.2112068965516,0.0,0.0,593.77747,0.0,593.77747,0.1907,0.065,-0.0566166817645,-0.0566166817645
2022-02-24 13:00:00+01:00,2212.3567251461986,2678.5764942528735,0.0,0.0,466.21977,0.0,466.21977,0.1907,0.065,-0.0444540550695,-0.0444540550695
2022-02-24 13:30:00+01:00,2269.005882352941,3427.9,0.0,0.0,1158.8941,0.0,1158.8941,0.1907,0.065,-0.11050055243500001,-0.11050055243500001
2022-02-24 14:00:00+01:00,2522.9122807017543,1724.13063583815,0.0,750.0,0.0,-48.781645,-48.781645,0.1907,0.065,0.0015854034625,0.0015854034625
2022-02-24 14:30:00+01:00,2238.1098265895953,1261.9319075144508,0.0,750.0,0.0,-226.17792,-226.17792,0.1907,0.065,0.0073507824,0.0073507824
2022-02-24 15:00:00+01:00,1863.5672514619882,1418.0544382022472,0.0,750.0,304.48719,0.0,304.48719,0.1907,0.065,-0.029032853566500004,-0.029032853566500004
2022-02-24 15:30:00+01:00,1273.5542857142857,1891.4775,0.0,0.0,617.92321,0.0,617.92321,0.1419,0.065,-0.043841651749500006,-0.043841651749500006
2022-02-24 16:00:00+01:00,656.875816993464,1812.6716574585637,0.0,0.0,1155.7958,0.0,1155.7958,0.1419,0.065,-0.08200371201000001,-0.08200371201000001
2022-02-24 16:30:00+01:00,446.04761904761904,1759.2865555555557,0.0,0.0,1313.2389,0.0,1313.2389,0.1419,0.065,-0.09317429995500001,-0.09317429995500001
2022-02-24 17:00:00+01:00,91.4076923076923,1744.9247513812154,3000.0,0.0,4653.5171,0.0,4653.5171,0.1419,0.065,-0.33016703824500004,-0.33016703824500004
2022-02-24 17:30:00+01:00,34.148148148148145,319.97845714285717,0.0,0.0,285.83031,0.0,285.83031,0.1907,0.065,-0.0272539200585,-0.0272539200585
2022-02-24 18:00:00+01:00,0.0,319.7721787709497,0.0,0.0,319.77218,0.0,319.77218,0.1907,0.065,-0.030490277363,-0.030490277363
2022-02-24 18:30:00+01:00,0.0,357.3141242937853,0.0,0.0,357.31412,0.0,357.31412,0.1907,0.065,-0.034069901342000004,-0.034069901342000004
2022-02-24 19:00:00+01:00,0.0,367.4788268156425,0.0,0.0,367.47883,0.0,367.47883,0.1907,0.065,-0.035039106440500005,-0.035039106440500005
2022-02-24 19:30:00+01:00,0.0,304.66516853932586,0.0,0.0,304.66517,0.0,304.66517,0.1907,0.065,-0.0290498239595,-0.0290498239595
2022-02-24 20:00:00+01:00,0.0,608.9130898876405,0.0,0.0,608.91309,0.0,608.91309,0.1907,0.065,-0.0580598631315,-0.0580598631315
2022-02-24 20:30:00+01:00,0.0,2759.6261235955058,0.0,750.0,3509.6261,0.0,3509.6261,0.1419,0.065,-0.249007971795,-0.249007971795
2022-02-24 21:00:00+01:00,0.0,3014.524011299435,3000.0,750.0,6764.524,0.0,6764.524,0.1419,0.065,-0.4799429778,-0.4799429778
2022-02-24 21:30:00+01:00,0.0,3146.3192528735635,3000.0,750.0,6896.3193,0.0,6896.3193,0.1419,0.065,-0.489293854335,-0.489293854335
2022-02-24 22:00:00+01:00,0.0,2801.6147701149425,3000.0,750.0,6551.6148,0.0,6551.6148,0.1419,0.065,-0.46483707006,-0.46483707006
2022-02-24 22:30:00+01:00,0.0,1844.2739534883722,3000.0,0.0,4844.274,0.0,4844.274,0.1419,0.065,-0.3437012403,-0.3437012403
2022-02-24 23:00:00+01:00,0.0,268.92122699386505,0.0,0.0,268.92123,0.0,268.92123,0.1419,0.065,-0.0190799612685,-0.0190799612685
2022-02-24 23:30:00+01:00,0.0,197.02923976608187,0.0,0.0,197.02924,0.0,197.02924,0.1419,0.065,-0.013979224577999999,-0.013979224577999999
2022-02-25 00:00:00+01:00,0.0,260.2427167630058,0.0,0.0,260.24272,0.0,260.24272,0.1419,0.065,-0.018464220984,-0.018464220984
2022-02-25 00:30:00+01:00,0.0,222.2371022727273,0.0,750.0,972.2371,0.0,972.2371,0.1419,0.065,-0.06898022224500001,-0.06898022224500001
2022-02-25 01:00:00+01:00,0.0,705.1267403314918,0.0,750.0,1455.1267,0.0,1455.1267,0.1419,0.065,-0.103241239365,-0.103241239365
2022-02-25 01:30:00+01:00,0.0,696.3405617977528,3000.0,750.0,4446.3406,0.0,4446.3406,0.1419,0.065,-0.31546786557,-0.31546786557
2022-02-25 02:00:00+01:00,0.0,628.5916279069767,3000.0,750.0,4378.5916,0.0,4378.5916,0.1419,0.065,-0.31066107402,-0.31066107402
2022-02-25 02:30:00+01:00,0.0,717.6241807909604,0.0,750.0,1467.6242,0.0,1467.6242,0.1419,0.065,-0.10412793699,-0.10412793699
2022-02-25 03:00:00+01:00,0.0,187.85922222222223,0.0,0.0,187.85922,0.0,187.85922,0.1907,0.065,-0.017912376627,-0.017912376627
2022-02-25 03:30:00+01:00,0.0,196.6040449438202,0.0,0.0,196.60404,0.0,196.60404,0.1907,0.065,-0.018746195214000002,-0.018746195214000002
2022-02-25 04:00:00+01:00,0.0,248.4337640449438,0.0,0.0,248.43376,0.0,248.43376,0.1907,0.065,-0.023688159016,-0.023688159016
2022-02-25 04:30:00+01:00,0.0,189.78877094972069,0.0,0.0,189.78877,0.0,189.78877,0.1907,0.065,-0.0180963592195,-0.0180963592195
2022-02-25 05:00:00+01:00,0.0,239.84559322033897,0.0,0.0,239.84559,0.0,239.84559,0.1907,0.065,-0.0228692770065,-0.0228692770065
2022-02-25 05:30:00+01:00,0.0,460.0123863636363,0.0,0.0,460.01239,0.0,460.01239,0.1907,0.065,-0.0438621813865,-0.0438621813865
2022-02-25 06:00:00+01:00,0.0,2584.590726256983,0.0,0.0,2584.5907,0.0,2584.5907,0.1907,0.065,-0.24644072324500005,-0.24644072324500005
2022-02-25 06:30:00+01:00,0.0,3298.8744382022473,0.0,0.0,3298.8744,0.0,3298.8744,0.1907,0.065,-0.31454767404,-0.31454767404
2022-02-25 07:00:00+01:00,0.0,821.333966480447,0.0,0.0,821.33397,0.0,821.33397,0.1907,0.065,-0.0783141940395,-0.0783141940395
2022-02-25 07:30:00+01:00,0.0,334.3931638418079,0.0,0.0,334.39316,0.0,334.39316,0.1907,0.065,-0.031884387806,-0.031884387806
2022-02-25 08:00:00+01:00,109.96124031007751,400.7022159090909,0.0,0.0,290.74098,0.0,290.74098,0.1907,0.065,-0.027722152442999998,-0.027722152442999998
2022-02-25 08:30:00+01:00,189.7077922077922,340.50204545454545,0.0,0.0,150.79425,0.0,150.79425,0.1907,0.065,-0.014378231737500002,-0.014378231737500002
2022-02-25 09:00:00+01:00,431.71264367816093,380.07696629213484,0.0,0.0,0.0,-51.635677,-51.635677,0.1907,0.065,0.0016781595025,0.0016781595025
2022-02-25 09:30:00+01:00,960.0294117647059,593.9848314606742,0.0,750.0,383.95542,0.0,383.95542,0.1907,0.065,-0.036610149297,-0.036610149297
2022-02-25 10:00:00+01:00,1268.9550561797753,411.4341340782123,0.0,750.0,0.0,-107.52092,-107.52092,0.1907,0.065,0.0034944299,0.0034944299
2022-02-25 10:30:00+01:00,837.5681818181819,2042.5843575418994,0.0,0.0,1205.0162,0.0,1205.0162,0.1907,0.065,-0.11489829467000001,-0.11489829467000001
2022-02-25 11:00:00+01:00,1731.6514285714286,963.8115730337079,0.0,750.0,0.0,-17.839856,-17.839856,0.1907,0.065,0.00057979532,0.00057979532
2022-02-25 11:30:00+01:00,3179.9239766081873,583.690393258427,3000.0,0.0,403.76642,0.0,403.76642,0.1907,0.065,-0.038499128147,-0.038499128147
2022-02-25 12:00:00+01:00,2495.375,1167.4148863636362,0.0,750.0,0.0,-577.96011,-577.96011,0.1907,0.065,0.018783703575,0.018783703575
2022-02-25 12:30:00+01:00,2813.762711864407,1191.8592696629214,0.0,750.0,0.0,-871.90344,-871.90344,0.1907,0.065,0.0283368618,0.0283368618
2022-02-25 13:00:00+01:00,3692.792899408284,419.06724719101123,3000.0,0.0,0.0,-273.72565,-273.72565,0.1907,0.065,0.008896083624999999,0.008896083624999999
2022-02-25 13:30:00+01:00,3924.44099378882,269.04709497206704,3000.0,750.0,94.606101,0.0,94.606101,0.1907,0.065,-0.00902069173035,-0.00902069173035
2022-02-25 14:00:00+01:00,3919.0387096774193,347.83553672316384,3000.0,750.0,178.79683,0.0,178.79683,0.1907,0.065,-0.017048277740500002,-0.017048277740500002
2022-02-25 14:30:00+01:00,3779.10303030303,810.9693854748602,3000.0,0.0,31.866355,0.0,31.866355,0.1907,0.065,-0.00303845694925,-0.00303845694925
2022-02-25 15:00:00+01:00,3484.6111111111113,292.32135922330093,3000.0,0.0,0.0,-192.28975,-192.28975,0.1907,0.065,0.006249416875000001,0.006249416875000001
2022-02-25 15:30:00+01:00,3191.75641025641,2655.059707602339,0.0,750.0,213.3033,0.0,213.3033,0.1419,0.065,-0.015133869135000002,-0.015133869135000002
2022-02-25 16:00:00+01:00,2743.6545454545453,3307.8290340909093,0.0,0.0,564.17449,0.0,564.17449,0.1419,0.065,-0.0400281800655,-0.0400281800655
2022-02-25 16:30:00+01:00,2174.1011904761904,3514.9427118644066,0.0,0.0,1340.8415,0.0,1340.8415,0.1419,0.065,-0.095132704425,-0.095132704425
2022-02-25 17:00:00+01:00,674.4121621621622,3150.680730337079,0.0,0.0,2476.2686,0.0,2476.2686,0.1419,0.065,-0.17569125717,-0.17569125717
2022-02-25 17:30:00+01:00,85.2520325203252,352.65988571428574,0.0,0.0,267.40785,0.0,267.40785,0.1907,0.065,-0.0254973384975,-0.0254973384975
2022-02-25 18:00:00+01:00,35.5945945945946,320.2618857142857,0.0,0.0,284.66729,0.0,284.66729,0.1907,0.065,-0.0271430261015,-0.0271430261015
2022-02-25 18:30:00+01:00,0.0,310.66117318435755,0.0,0.0,310.66117,0.0,310.66117,0.1907,0.065,-0.029621542559500003,-0.029621542559500003
2022-02-25 19:00:00+01:00,0.0,350.1165730337079,0.0,0.0,350.11657,0.0,350.11657,0.1907,0.065,-0.033383614949500005,-0.033383614949500005
2022-02-25 19:30:00+01:00,0.0,600.582122905028,0.0,0.0,600.58212,0.0,600.58212,0.1907,0.065,-0.057265505142,-0.057265505142
2022-02-25 20:00:00+01:00,0.0,502.37513966480446,0.0,0.0,502.37514,0.0,502.37514,0.1907,0.065,-0.047901469599000004,-0.047901469599000004
2022-02-25 20:30:00+01:00,0.0,3262.562905027933,0.0,750.0,4012.5629,0.0,4012.5629,0.1419,0.065,-0.284691337755,-0.284691337755
2022-02-25 21:00:00+01:00,0.0,4816.188156424581,0.0,0.0,4816.1882,0.0,4816.1882,0.1419,0.065,-0.34170855278999995,-0.34170855278999995
2022-02-25 21:30:00+01:00,0.0,4016.5310674157304,0.0,750.0,4766.5311,0.0,4766.5311,0.1419,0.065,-0.338185381545,-0.338185381545
2022-02-25 22:00:00+01:00,0.0,4179.018944444445,0.0,750.0,4929.0189,0.0,4929.0189,0.1419,0.065,-0.349713890955,-0.349713890955
2022-02-25 22:30:00+01:00,0.0,3882.697514124294,0.0,0.0,3882.6975,0.0,3882.6975,0.1419,0.065,-0.275477387625,-0.275477387625
2022-02-25 23:00:00+01:00,0.0,493.7396648044692,0.0,750.0,1243.7397,0.0,1243.7397,0.1419,0.065,-0.08824333171500001,-0.08824333171500001
2022-02-25 23:30:00+01:00,0.0,317.6310285714286,0.0,0.0,317.63103,0.0,317.63103,0.1419,0.065,-0.022535921578500002,-0.022535921578500002
2022-02-26 00:00:00+01:00,0.0,296.71426900584794,0.0,0.0,296.71427,0.0,296.71427,0.1419,0.065,-0.021051877456499998,-0.021051877456499998
2022-02-26 00:30:00+01:00,0.0,318.62545454545455,0.0,750.0,1068.6255,0.0,1068.6255,0.1419,0.065,-0.07581897922500001,-0.07581897922500001
2022-02-26 01:00:00+01:00,0.0,629.4611904761905,0.0,750.0,1379.4612,0.0,1379.4612,0.1419,0.065,-0.09787277214,-0.09787277214
2022-02-26 01:30:00+01:00,0.0,732.7786857142858,0.0,0.0,732.77869,0.0,732.77869,0.1419,0.065,-0.051990648055499994,-0.051990648055499994
2022-02-26 02:00:00+01:00,0.0,592.6612359550562,0.0,0.0,592.66124,0.0,592.66124,0.1419,0.065,-0.042049314978,-0.042049314978
2022-02-26 02:30:00+01:00,0.0,494.19387640449435,0.0,0.0,494.19388,0.0,494.19388,0.1419,0.065,-0.035063055786,-0.035063055786
2022-02-26 03:00:00+01:00,0.0,235.10203389830508,0.0,0.0,235.10203,0.0,235.10203,0.1907,0.065,-0.0224169785605,-0.0224169785605
2022-02-26 03:30:00+01:00,0.0,319.0098870056497,0.0,0.0,319.00989,0.0,319.00989,0.1907,0.065,-0.0304175930115,-0.0304175930115
2022-02-26 04:00:00+01:00,0.0,424.65999999999997,0.0,0.0,424.66,0.0,424.66,0.1907,0.065,-0.040491331000000005,-0.040491331000000005
2022-02-26 04:30:00+01:00,0.0,627.4365168539325,0.0,0.0,627.43652,0.0,627.43652,0.1907,0.065,-0.059826072182,-0.059826072182
2022-02-26 05:00:00+01:00,0.0,834.7531428571427,0.0,0.0,834.75314,0.0,834.75314,0.1907,0.065,-0.07959371189900001,-0.07959371189900001
2022-02-26 05:30:00+01:00,0.0,867.1498882681564,0.0,0.0,867.14989,0.0,867.14989,0.1907,0.065,-0.08268274201150001,-0.08268274201150001
2022-02-26 06:00:00+01:00,0.0,3237.0237572254337,0.0,0.0,3237.0238,0.0,3237.0238,0.1907,0.065,-0.30865021933000003,-0.30865021933000003
2022-02-26 06:30:00+01:00,0.0,3336.2816477272722,0.0,0.0,3336.2816,0.0,3336.2816,0.1907,0.065,-0.31811445056000004,-0.31811445056000004
2022-02-26 07:00:00+01:00,0.0,3377.9875,0.0,0.0,3377.9875,0.0,3377.9875,0.1907,0.065,-0.322091108125,-0.322091108125
2022-02-26 07:30:00+01:00,85.29032258064517,3414.194624277457,0.0,0.0,3328.9043,0.0,3328.9043,0.1907,0.065,-0.31741102500500007,-0.31741102500500007
2022-02-26 08:00:00+01:00,130.02158273381295,3461.231828571428,0.0,0.0,3331.2102,0.0,3331.2102,0.1907,0.065,-0.31763089257000005,-0.31763089257000005
2022-02-26 08:30:00+01:00,194.83225806451614,3462.7955932203386,0.0,0.0,3267.9633,0.0,3267.9633,0.1907,0.065,-0.311600300655,-0.311600300655
2022-02-26 09:00:00+01:00,541.6463414634146,3279.2228735632184,0.0,0.0,2737.5765,0.0,2737.5765,0.1907,0.065,-0.2610279192750001,-0.2610279192750001
2022-02-26 09:30:00+01:00,1974.298245614035,675.3424431818182,0.0,750.0,0.0,-548.9558,-548.9558,0.1907,0.065,0.0178410635,0.0178410635
2022-02-26 10:00:00+01:00,2367.6687116564417,787.3298837209302,0.0,750.0,0.0,-830.33883,-830.33883,0.1907,0.065,0.026986011975,0.026986011975
2022-02-26 10:30:00+01:00,2839.8764705882354,1253.541590909091,0.0,750.0,0.0,-836.33488,-836.33488,0.1907,0.065,0.0271808836,0.0271808836
2022-02-26 11:00:00+01:00,3239.5471698113206,917.8350867052023,3000.0,0.0,678.28792,0.0,678.28792,0.1907,0.065,-0.064674753172,-0.064674753172
2022-02-26 11:30:00+01:00,3479.4025157232704,1562.8628651685394,3000.0,0.0,1083.4603,0.0,1083.4603,0.1907,0.065,-0.10330793960500001,-0.10330793960500001
2022-02-26 12:00:00+01:00,3695.176470588235,1237.7043428571428,3000.0,0.0,542.52787,0.0,542.52787,0.1907,0.065,-0.051730032404500005,-0.051730032404500005
2022-02-26 12:30:00+01:00,3819.1153846153848,494.33337209302323,3000.0,750.0,425.21799,0.0,425.21799,0.1907,0.065,-0.0405445353465,-0.0405445353465
2022-02-26 13:00:00+01:00,3920.2138364779876,236.32078212290503,3000.0,750.0,66.106946,0.0,66.106946,0.1907,0.065,-0.0063032973011,-0.0063032973011
2022-02-26 13:30:00+01:00,3906.753086419753,331.0724858757062,3000.0,750.0,174.3194,0.0,174.3194,0.1907,0.065,-0.01662135479,-0.01662135479
2022-02-26 14:00:00+01:00,3774.146496815287,313.6653370786517,3000.0,750.0,289.51884,0.0,289.51884,0.1907,0.065,-0.027605621394000003,-0.027605621394000003
2022-02-26 14:30:00+01:00,3641.246753246753,286.68333333333334,3000.0,750.0,395.43658,0.0,395.43658,0.1907,0.065,-0.037704877903000006,-0.037704877903000006
2022-02-26 15:00:00+01:00,3457.0516129032258,334.029604519774,3000.0,0.0,0.0,-123.02201,-123.02201,0.1907,0.065,0.003998215325,0.003998215325
2022-02-26 15:30:00+01:00,3144.621951219512,1663.7676923076922,3000.0,0.0,1519.1457,0.0,1519.1457,0.1419,0.065,-0.10778338741500001,-0.10778338741500001
2022-02-26 16:00:00+01:00,2734.2967741935486,2266.8662359550563,0.0,750.0,282.56946,0.0,282.56946,0.1419,0.065,-0.020048303187,-0.020048303187
2022-02-26 16:30:00+01:00,2158.1614906832297,2325.974915254237,0.0,0.0,167.81342,0.0,167.81342,0.1419,0.065,-0.011906362149,-0.011906362149
2022-02-26 17:00:00+01:00,840.1472868217054,2120.9342372881356,0.0,0.0,1280.787,0.0,1280.787,0.1419,0.065,-0.09087183765000001,-0.09087183765000001
2022-02-26 17:30:00+01:00,81.14159292035399,186.49638888888887,0.0,0.0,105.3548,0.0,105.3548,0.1907,0.065,-0.01004558018,-0.01004558018
2022-02-26 18:00:00+01:00,32.724137931034484,696.2018181818182,0.0,0.0,663.47768,0.0,663.47768,0.1907,0.065,-0.063262596788,-0.063262596788
2022-02-26 18:30:00+01:00,0.0,1274.9285393258426,0.0,0.0,1274.9285,0.0,1274.9285,0.1907,0.065,-0.12156443247500001,-0.12156443247500001
2022-02-26 19:00:00+01:00,0.0,1182.1055865921787,0.0,0.0,1182.1056,0.0,1182.1056,0.1907,0.065,-0.11271376896000002,-0.11271376896000002
2022-02-26 19:30:00+01:00,0.0,1433.5947752808988,0.0,0.0,1433.5948,0.0,1433.5948,0.1907,0.065,-0.13669326418,-0.13669326418
2022-02-26 20:00:00+01:00,0.0,865.5741011235955,0.0,0.0,865.5741,0.0,865.5741,0.1907,0.065,-0.08253249043500002,-0.08253249043500002
2022-02-26 20:30:00+01:00,0.0,1369.6861235955057,0.0,750.0,2119.6861,0.0,2119.6861,0.1419,0.065,-0.15039172879499998,-0.15039172879499998
2022-02-26 21:00:00+01:00,0.0,2071.5274860335194,0.0,750.0,2821.5275,0.0,2821.5275,0.1419,0.065,-0.200187376125,-0.200187376125
2022-02-26 21:30:00+01:00,0.0,1275.53202247191,0.0,750.0,2025.532,0.0,2025.532,0.1419,0.065,-0.1437114954,-0.1437114954
2022-02-26 22:00:00+01:00,0.0,392.74539325842693,0.0,0.0,392.74539,0.0,392.74539,0.1419,0.065,-0.0278652854205,-0.0278652854205
2022-02-26 22:30:00+01:00,0.0,347.19528089887643,0.0,0.0,347.19528,0.0,347.19528,0.1419,0.065,-0.024633505116,-0.024633505116
2022-02-26 23:00:00+01:00,0.0,274.5208379888268,0.0,750.0,1024.5208,0.0,1024.5208,0.1419,0.065,-0.07268975075999999,-0.07268975075999999
2022-02-26 23:30:00+01:00,0.0,340.8254748603352,0.0,750.0,1090.8255,0.0,1090.8255,0.1419,0.065,-0.077394069225,-0.077394069225
2022-02-27 00:00:00+01:00,0.0,269.34837988826814,0.0,0.0,269.34838,0.0,269.34838,0.1419,0.065,-0.019110267561,-0.019110267561
2022-02-27 00:30:00+01:00,0.0,307.73214689265535,0.0,750.0,1057.7321,0.0,1057.7321,0.1419,0.065,-0.075046092495,-0.075046092495
2022-02-27 01:00:00+01:00,0.0,682.1863535911602,0.0,750.0,1432.1864,0.0,1432.1864,0.1419,0.065,-0.10161362508,-0.10161362508
2022-02-27 01:30:00+01:00,0.0,591.4751111111111,0.0,750.0,1341.4751,0.0,1341.4751,0.1419,0.065,-0.09517765834500001,-0.09517765834500001
2022-02-27 02:00:00+01:00,0.0,645.001797752809,0.0,750.0,1395.0018,0.0,1395.0018,0.1419,0.065,-0.09897537771,-0.09897537771
2022-02-27 02:30:00+01:00,0.0,605.7525698324023,0.0,750.0,1355.7526,0.0,1355.7526,0.1419,0.065,-0.09619064697,-0.09619064697
2022-02-27 03:00:00+01:00,0.0,260.46882681564244,0.0,0.0,260.46883,0.0,260.46883,0.1907,0.065,-0.024835702940500002,-0.024835702940500002
2022-02-27 03:30:00+01:00,0.0,202.67084269662922,0.0,0.0,202.67084,0.0,202.67084,0.1907,0.065,-0.019324664594,-0.019324664594
2022-02-27 04:00:00+01:00,0.0,216.70039106145254,0.0,0.0,216.70039,0.0,216.70039,0.1907,0.065,-0.0206623821865,-0.0206623821865
2022-02-27 04:30:00+01:00,0.0,243.69078651685393,0.0,0.0,243.69079,0.0,243.69079,0.1907,0.065,-0.0232359168265,-0.0232359168265
2022-02-27 05:00:00+01:00,0.0,178.15483146067416,0.0,0.0,178.15483,0.0,178.15483,0.1907,0.065,-0.0169870630405,-0.0169870630405
2022-02-27 05:30:00+01:00,0.0,268.9236312849162,0.0,0.0,268.92363,0.0,268.92363,0.1907,0.065,-0.0256418681205,-0.0256418681205
2022-02-27 06:00:00+01:00,0.0,1526.1164606741572,0.0,0.0,1526.1165,0.0,1526.1165,0.1907,0.065,-0.14551520827500003,-0.14551520827500003
2022-02-27 06:30:00+01:00,0.0,2791.1103351955308,0.0,0.0,2791.1103,0.0,2791.1103,0.1907,0.065,-0.26613236710500005,-0.26613236710500005
2022-02-27 07:00:00+01:00,0.0,2734.8525280898875,0.0,0.0,2734.8525,0.0,2734.8525,0.1907,0.065,-0.26076818587500006,-0.26076818587500006
2022-02-27 07:30:00+01:00,65.60975609756098,2932.948491620112,0.0,0.0,2867.3387,0.0,2867.3387,0.1907,0.065,-0.273400745045,-0.273400745045
2022-02-27 08:00:00+01:00,221.8310810810811,2972.3997727272726,0.0,0.0,2750.5687,0.0,2750.5687,0.1907,0.065,-0.26226672554499997,-0.26226672554499997
2022-02-27 08:30:00+01:00,670.7115384615385,2781.67549132948,0.0,0.0,2110.964,0.0,2110.964,0.1907,0.065,-0.20128041740000002,-0.20128041740000002
2022-02-27 09:00:00+01:00,1235.9119496855346,2526.132625698324,0.0,0.0,1290.2207,0.0,1290.2207,0.1907,0.065,-0.123022543745,-0.123022543745
2022-02-27 09:30:00+01:00,1772.7142857142858,495.29543859649124,0.0,750.0,0.0,-527.41885,-527.41885,0.1907,0.065,0.017141112625000003,0.017141112625000003
2022-02-27 10:00:00+01:00,2313.4506172839506,388.5338068181818,0.0,750.0,0.0,-1174.9168,-1174.9168,0.1907,0.065,0.038184796,0.038184796
2022-02-27 10:30:00+01:00,2784.4594594594596,321.8110227272727,3000.0,0.0,537.35156,0.0,537.35156,0.1907,0.065,-0.051236471246000004,-0.051236471246000004
2022-02-27 11:00:00+01:00,3138.267515923567,409.1483615819209,3000.0,0.0,270.88085,0.0,270.88085,0.1907,0.065,-0.025828489047500004,-0.025828489047500004
2022-02-27 11:30:00+01:00,3413.2165605095543,398.05875,3000.0,0.0,0.0,-15.157811,-15.157811,0.1907,0.065,0.0004926288575,0.0004926288575
2022-02-27 12:00:00+01:00,3640.0696202531644,1364.777784090909,3000.0,0.0,724.70816,0.0,724.70816,0.1907,0.065,-0.069100923056,-0.069100923056
2022-02-27 12:30:00+01:00,3736.6623376623374,971.6361142857144,3000.0,0.0,234.97378,0.0,234.97378,0.1907,0.065,-0.022404749923,-0.022404749923
2022-02-27 13:00:00+01:00,3725.8275862068967,345.0980790960452,3000.0,750.0,369.27049,0.0,369.27049,0.1907,0.065,-0.0352099412215,-0.0352099412215
2022-02-27 13:30:00+01:00,3761.2697368421054,602.5235795454545,3000.0,0.0,0.0,-158.74616,-158.74616,0.1907,0.065,0.005159250200000001,0.005159250200000001
2022-02-27 14:00:00+01:00,3729.5923566878982,1327.1764367816093,3000.0,0.0,597.58408,0.0,597.58408,0.1907,0.065,-0.056979642028,-0.056979642028
2022-02-27 14:30:00+01:00,3544.5935483870967,2726.6205882352942,0.0,750.0,0.0,-67.97296,-67.97296,0.1907,0.065,0.0022091212,0.0022091212
2022-02-27 15:00:00+01:00,3158.475,596.3427325581396,3000.0,0.0,437.86773,0.0,437.86773,0.1907,0.065,-0.0417506880555,-0.0417506880555
2022-02-27 15:30:00+01:00,3014.108974358974,1177.152342857143,3000.0,0.0,1163.0434,0.0,1163.0434,0.1419,0.065,-0.08251792923000001,-0.08251792923000001
2022-02-27 16:00:00+01:00,2597.4779874213837,1702.6558285714286,0.0,750.0,0.0,-144.82216,-144.82216,0.1419,0.065,0.0047067202,0.0047067202
2022-02-27 16:30:00+01:00,2032.1728395061727,1670.8620454545453,0.0,750.0,388.68921,0.0,388.68921,0.1419,0.065,-0.0275774994495,-0.0275774994495
2022-02-27 17:00:00+01:00,797.0955882352941,1601.3263276836158,0.0,0.0,804.23074,0.0,804.23074,0.1419,0.065,-0.057060171003,-0.057060171003
2022-02-27 17:30:00+01:00,103.12605042016807,199.51558659217878,0.0,0.0,96.389536,0.0,96.389536,0.1907,0.065,-0.0091907422576,-0.0091907422576
2022-02-27 18:00:00+01:00,42.054545454545455,213.73581005586593,0.0,0.0,171.68126,0.0,171.68126,0.1907,0.065,-0.016369808141,-0.016369808141
2022-02-27 18:30:00+01:00,0.0,323.3146629213483,0.0,0.0,323.31466,0.0,323.31466,0.1907,0.065,-0.030828052831000003,-0.030828052831000003
2022-02-27 19:00:00+01:00,0.0,415.9342045454545,0.0,0.0,415.9342,0.0,415.9342,0.1907,0.065,-0.03965932597,-0.03965932597
2022-02-27 19:30:00+01:00,0.0,615.9424293785311,0.0,0.0,615.94243,0.0,615.94243,0.1907,0.065,-0.0587301107005,-0.0587301107005
2022-02-27 20:00:00+01:00,0.0,364.3913953488372,0.0,0.0,364.3914,0.0,364.3914,0.1907,0.065,-0.03474471999,-0.03474471999
2022-02-27 20:30:00+01:00,0.0,1727.3739106145251,0.0,750.0,2477.3739,0.0,2477.3739,0.1419,0.065,-0.175769678205,-0.175769678205
2022-02-27 21:00:00+01:00,0.0,4323.96,0.0,750.0,5073.96,0.0,5073.96,0.1419,0.065,-0.359997462,-0.359997462
2022-02-27 21:30:00+01:00,0.0,3729.119162011173,0.0,750.0,4479.1192,0.0,4479.1192,0.1419,0.065,-0.31779350724,-0.31779350724
2022-02-27 22:00:00+01:00,0.0,3374.134431818182,0.0,750.0,4124.1344,0.0,4124.1344,0.1419,0.065,-0.29260733568,-0.29260733568
2022-02-27 22:30:00+01:00,0.0,2819.9367415730335,0.0,0.0,2819.9367,0.0,2819.9367,0.1419,0.065,-0.20007450886500003,-0.20007450886500003
2022-02-27 23:00:00+01:00,0.0,359.2274566473988,0.0,750.0,1109.2275,0.0,1109.2275,0.1419,0.065,-0.078699691125,-0.078699691125
2022-02-27 23:30:00+01:00,0.0,311.2474712643678,0.0,750.0,1061.2475,0.0,1061.2475,0.1419,0.065,-0.07529551012499999,-0.07529551012499999
2022-02-28 00:00:00+01:00,0.0,1538.444252873563,3000.0,0.0,4538.4443,0.0,4538.4443,0.1419,0.065,-0.322002623085,-0.322002623085
2022-02-28 00:30:00+01:00,0.0,565.0183908045976,0.0,750.0,1315.0184,0.0,1315.0184,0.1419,0.065,-0.09330055548,-0.09330055548
2022-02-28 01:00:00+01:00,0.0,612.3207262569832,0.0,750.0,1362.3207,0.0,1362.3207,0.1419,0.065,-0.096656653665,-0.096656653665
2022-02-28 01:30:00+01:00,0.0,559.3855617977529,0.0,750.0,1309.3856,0.0,1309.3856,0.1419,0.065,-0.09290090832,-0.09290090832
2022-02-28 02:00:00+01:00,0.0,613.950393258427,0.0,750.0,1363.9504,0.0,1363.9504,0.1419,0.065,-0.09677228088,-0.09677228088
2022-02-28 02:30:00+01:00,0.0,723.3865142857143,0.0,750.0,1473.3865,0.0,1473.3865,0.1419,0.065,-0.10453677217500001,-0.10453677217500001
2022-02-28 03:00:00+01:00,0.0,506.4683522727273,0.0,0.0,506.46835,0.0,506.46835,0.1907,0.065,-0.0482917571725,-0.0482917571725
2022-02-28 03:30:00+01:00,0.0,619.8947727272727,0.0,0.0,619.89477,0.0,619.89477,0.1907,0.065,-0.05910696631950001,-0.05910696631950001
2022-02-28 04:00:00+01:00,0.0,933.2810169491524,0.0,0.0,933.28102,0.0,933.28102,0.1907,0.065,-0.088988345257,-0.088988345257
2022-02-28 04:30:00+01:00,0.0,1175.3781395348838,0.0,0.0,1175.3781,0.0,1175.3781,0.1907,0.065,-0.112072301835,-0.112072301835
2022-02-28 05:00:00+01:00,0.0,1201.9313218390803,0.0,0.0,1201.9313,0.0,1201.9313,0.1907,0.065,-0.114604149455,-0.114604149455
2022-02-28 05:30:00+01:00,0.0,1358.5168823529411,0.0,0.0,1358.5169,0.0,1358.5169,0.1907,0.065,-0.129534586415,-0.129534586415
2022-02-28 06:00:00+01:00,0.0,3256.276407185629,0.0,0.0,3256.2764,0.0,3256.2764,0.1907,0.065,-0.31048595474,-0.31048595474
2022-02-28 06:30:00+01:00,0.0,3342.6290697674417,0.0,0.0,3342.6291,0.0,3342.6291,0.1907,0.065,-0.318719684685,-0.318719684685
2022-02-28 07:00:00+01:00,0.0,1592.1390243902438,0.0,0.0,1592.139,0.0,1592.139,0.1907,0.065,-0.15181045365,-0.15181045365
2022-02-28 07:30:00+01:00,73.98387096774194,980.9951396648045,0.0,0.0,907.01127,0.0,907.01127,0.1907,0.065,-0.0864835245945,-0.0864835245945
2022-02-28 08:00:00+01:00,267.1901408450704,1079.8677653631285,0.0,0.0,812.67762,0.0,812.67762,0.1907,0.065,-0.07748881106700002,-0.07748881106700002
2022-02-28 08:30:00+01:00,605.1898734177215,852.1298947368421,0.0,0.0,246.94002,0.0,246.94002,0.1907,0.065,-0.023545730907000004,-0.023545730907000004
2022-02-28 09:00:00+01:00,0.0,825.3246381578947,0.0,0.0,825.32464,0.0,825.32464,0.1907,0.065,-0.078694704424,-0.078694704424
2022-02-28 09:30:00+01:00,0.0,798.5193815789473,0.0,0.0,798.51938,0.0,798.51938,0.1907,0.065,-0.076138822883,-0.076138822883
2022-02-28 10:00:00+01:00,2478.095890410959,771.714125,3000.0,0.0,1293.6182,0.0,1293.6182,0.1907,0.065,-0.12334649537,-0.12334649537
2022-02-28 10:30:00+01:00,2782.604938271605,810.7073184357542,3000.0,0.0,1028.1024,0.0,1028.1024,0.1907,0.065,-0.09802956384000001,-0.09802956384000001
2022-02-28 11:00:00+01:00,2971.1153846153848,753.8966071428571,3000.0,0.0,782.78122,0.0,782.78122,0.1907,0.065,-0.074638189327,-0.074638189327
2022-02-28 11:30:00+01:00,0.0,670.7389076858813,0.0,0.0,670.73891,0.0,670.73891,0.1907,0.065,-0.0639549550685,-0.0639549550685
2022-02-28 12:00:00+01:00,0.0,587.5812082289056,0.0,0.0,587.58121,0.0,587.58121,0.1907,0.065,-0.05602586837350001,-0.05602586837350001
2022-02-28 12:30:00+01:00,3855.7281553398057,504.4235087719298,3000.0,750.0,398.69535,0.0,398.69535,0.1907,0.065,-0.0380156016225,-0.0380156016225
2022-02-28 13:00:00+01:00,3868.4802631578946,605.0714525139664,3000.0,0.0,0.0,-263.40881,-263.40881,0.1907,0.065,0.008560786325,0.008560786325
2022-02-28 13:30:00+01:00,3837.577181208054,628.4205681818182,3000.0,0.0,0.0,-209.15661,-209.15661,0.1907,0.065,0.006797589825,0.006797589825
2022-02-28 14:00:00+01:00,3721.548387096774,580.5365714285714,3000.0,0.0,0.0,-141.01182,-141.01182,0.1907,0.065,0.00458288415,0.00458288415
2022-02-28 14:30:00+01:00,3658.0382165605097,586.2143352601156,3000.0,0.0,0.0,-71.823881,-71.823881,0.1907,0.065,0.0023342761325,0.0023342761325
2022-02-28 15:00:00+01:00,3421.1509433962265,742.449011627907,3000.0,0.0,321.29807,0.0,321.29807,0.1907,0.065,-0.0306357709745,-0.0306357709745
2022-02-28 15:30:00+01:00,3110.0604026845635,3290.5200574712644,0.0,750.0,930.45965,0.0,930.45965,0.1419,0.065,-0.0660161121675,-0.0660161121675
2022-02-28 16:00:00+01:00,2691.171974522293,3817.0677142857144,0.0,750.0,1875.8957,0.0,1875.8957,0.1419,0.065,-0.133094799915,-0.133094799915
2022-02-28 16:30:00+01:00,2197.0625,3723.215804597701,0.0,750.0,2276.1533,0.0,2276.1533,0.1419,0.065,-0.161493076635,-0.161493076635
2022-02-28 17:00:00+01:00,836.3076923076923,3407.2019889502767,0.0,750.0,3320.8943,0.0,3320.8943,0.1419,0.065,-0.235617450585,-0.235617450585
2022-02-28 17:30:00+01:00,84.44961240310077,321.86814606741575,0.0,0.0,237.41853,0.0,237.41853,0.1907,0.065,-0.022637856835500004,-0.022637856835500004
2022-02-28 18:00:00+01:00,36.026315789473685,290.7730898876405,0.0,0.0,254.74677,0.0,254.74677,0.1907,0.065,-0.024290104519500002,-0.024290104519500002
2022-02-28 18:30:00+01:00,0.0,777.9442937853108,0.0,0.0,777.94429,0.0,777.94429,0.1907,0.065,-0.07417698805150001,-0.07417698805150001
2022-02-28 19:00:00+01:00,0.0,1293.7476966292134,0.0,0.0,1293.7477,0.0,1293.7477,0.1907,0.065,-0.123358843195,-0.123358843195
2022-02-28 19:30:00+01:00,0.0,1474.712888888889,0.0,0.0,1474.7129,0.0,1474.7129,0.1907,0.065,-0.14061387501500003,-0.14061387501500003
2022-02-28 20:00:00+01:00,0.0,1169.2712790697674,0.0,0.0,1169.2713,0.0,1169.2713,0.1907,0.065,-0.11149001845500002,-0.11149001845500002
2022-02-28 20:30:00+01:00,0.0,2249.4191620111733,0.0,750.0,2999.4192,0.0,2999.4192,0.1419,0.065,-0.21280879224,-0.21280879224
2022-02-28 21:00:00+01:00,0.0,2303.7682386363635,0.0,750.0,3053.7682,0.0,3053.7682,0.1419,0.065,-0.21666485379,-0.21666485379
2022-02-28 21:30:00+01:00,0.0,2630.05312849162,0.0,750.0,3380.0531,0.0,3380.0531,0.1419,0.065,-0.239814767445,-0.239814767445
2022-02-28 22:00:00+01:00,0.0,2436.5776666666666,0.0,750.0,3186.5777,0.0,3186.5777,0.1419,0.065,-0.226087687815,-0.226087687815
2022-02-28 22:30:00+01:00,0.0,2181.554831460674,0.0,750.0,2931.5548,0.0,2931.5548,0.1419,0.065,-0.20799381305999998,-0.20799381305999998
2022-02-28 23:00:00+01:00,0.0,362.3298870056497,3000.0,0.0,3362.3299,0.0,3362.3299,0.1419,0.065,-0.23855730640500003,-0.23855730640500003
2022-02-28 23:30:00+01:00,0.0,299.88845714285713,0.0,0.0,299.88846,0.0,299.88846,0.1419,0.065,-0.021277086237,-0.021277086237
2022-03-01 00:00:00+01:00,0.0,218.581404494382,0.0,750.0,968.5814,0.0,968.5814,0.1419,0.065,-0.06872085033,-0.06872085033
2022-03-01 00:30:00+01:00,0.0,270.90034285714285,0.0,750.0,1020.9003,0.0,1020.9003,0.1419,0.065,-0.072432876285,-0.072432876285
2022-03-01 01:00:00+01:00,0.0,590.8970949720671,0.0,750.0,1340.8971,0.0,1340.8971,0.1419,0.065,-0.09513664924499998,-0.09513664924499998
2022-03-01 01:30:00+01:00,0.0,637.3169540229885,0.0,750.0,1387.317,0.0,1387.317,0.1419,0.065,-0.09843014115,-0.09843014115
2022-03-01 02:00:00+01:00,0.0,718.9880446927374,0.0,750.0,1468.988,0.0,1468.988,0.1419,0.065,-0.1042246986,-0.1042246986
2022-03-01 02:30:00+01:00,0.0,822.8550837988827,0.0,750.0,1572.8551,0.0,1572.8551,0.1419,0.065,-0.11159406934499999,-0.11159406934499999
2022-03-01 03:00:00+01:00,0.0,451.99895348837214,0.0,0.0,451.99895,0.0,451.99895,0.1907,0.065,-0.043098099882500004,-0.043098099882500004
2022-03-01 03:30:00+01:00,0.0,730.7034375000001,0.0,0.0,730.70344,0.0,730.70344,0.1907,0.065,-0.069672573004,-0.069672573004
2022-03-01 04:00:00+01:00,0.0,771.6523595505618,0.0,0.0,771.65236,0.0,771.65236,0.1907,0.065,-0.073577052526,-0.073577052526
2022-03-01 04:30:00+01:00,0.0,966.3748863636364,0.0,0.0,966.37489,0.0,966.37489,0.1907,0.065,-0.0921438457615,-0.0921438457615
2022-03-01 05:00:00+01:00,0.0,1194.5245454545454,0.0,0.0,1194.5245,0.0,1194.5245,0.1907,0.065,-0.11389791107500001,-0.11389791107500001
2022-03-01 05:30:00+01:00,0.0,1184.5038547486033,0.0,0.0,1184.5039,0.0,1184.5039,0.1907,0.065,-0.11294244686499999,-0.11294244686499999
2022-03-01 06:00:00+01:00,0.0,3314.255977653631,0.0,0.0,3314.256,0.0,3314.256,0.1907,0.065,-0.3160143096,-0.3160143096
2022-03-01 06:30:00+01:00,0.0,3321.868146067416,0.0,0.0,3321.8681,0.0,3321.8681,0.1907,0.065,-0.316740123335,-0.316740123335
2022-03-01 07:00:00+01:00,0.0,1540.0167415730336,0.0,0.0,1540.0167,0.0,1540.0167,0.1907,0.065,-0.14684059234500002,-0.14684059234500002
2022-03-01 07:30:00+01:00,77.43661971830986,805.9222222222222,0.0,0.0,728.4856,0.0,728.4856,0.1907,0.065,-0.06946110196000001,-0.06946110196000001
2022-03-01 08:00:00+01:00,299.6350364963504,891.2002840909091,0.0,0.0,591.56525,0.0,591.56525,0.1907,0.065,-0.05640574658750001,-0.05640574658750001
2022-03-01 08:30:00+01:00,732.2941176470588,732.8426704545454,0.0,0.0,0.54855281,0.0,0.54855281,0.1907,0.065,-5.2304510433500005e-05,-5.2304510433500005e-05
2022-03-01 09:00:00+01:00,1266.879746835443,765.5416292134831,0.0,750.0,248.66188,0.0,248.66188,0.1907,0.065,-0.023709910258,-0.023709910258
2022-03-01 09:30:00+01:00,1929.491017964072,685.2414689265537,0.0,750.0,0.0,-494.24955,-494.24955,0.1907,0.065,0.016063110375000002,0.016063110375000002
2022-03-01 10:00:00+01:00,2402.0523255813955,783.1491954022988,0.0,750.0,0.0,-868.90313,-868.90313,0.1907,0.065,0.028239351725000004,0.028239351725000004
2022-03-01 10:30:00+01:00,2356.7954545454545,815.0081818181818,0.0,750.0,0.0,-791.78727,-791.78727,0.1907,0.065,0.025733086275,0.025733086275
2022-03-01 11:00:00+01:00,3009.552147239264,755.9916167664671,3000.0,0.0,746.43947,0.0,746.43947,0.1907,0.065,-0.0711730034645,-0.0711730034645
2022-03-01 11:30:00+01:00,3506.565789473684,784.7672781065089,3000.0,0.0,278.20149,0.0,278.20149,0.1907,0.065,-0.0265265120715,-0.0265265120715
2022-03-01 12:00:00+01:00,3693.640243902439,895.0396629213483,3000.0,0.0,201.39942,0.0,201.39942,0.1907,0.065,-0.019203434696999998,-0.019203434696999998
2022-03-01 12:30:00+01:00,3621.3030303030305,817.6410285714285,3000.0,0.0,196.338,0.0,196.338,0.1907,0.065,-0.018720828300000002,-0.018720828300000002
2022-03-01 13:00:00+01:00,3742.59649122807,699.1595505617977,3000.0,0.0,0.0,-43.436941,-43.436941,0.1907,0.065,0.0014117005825,0.0014117005825
2022-03-01 13:30:00+01:00,3922.829268292683,764.5343502824858,3000.0,0.0,0.0,-158.29492,-158.29492,0.1907,0.065,0.0051445849,0.0051445849
2022-03-01 14:00:00+01:00,3795.9299363057326,647.0652272727273,3000.0,0.0,0.0,-148.86471,-148.86471,0.1907,0.065,0.004838103075,0.004838103075
2022-03-01 14:30:00+01:00,3530.7732558139537,751.8093258426966,3000.0,0.0,221.03607,0.0,221.03607,0.1907,0.065,-0.0210757892745,-0.0210757892745
2022-03-01 15:00:00+01:00,2930.7909604519773,556.3097765363128,3000.0,0.0,625.51882,0.0,625.51882,0.1907,0.065,-0.05964321948700001,-0.05964321948700001
2022-03-01 15:30:00+01:00,2826.8171428571427,3852.507759562842,0.0,750.0,1775.6906,0.0,1775.6906,0.1419,0.065,-0.12598524807,-0.12598524807
2022-03-01 16:00:00+01:00,2697.7515151515154,4130.20581920904,0.0,0.0,1432.4543,0.0,1432.4543,0.1419,0.065,-0.10163263258500001,-0.10163263258500001
2022-03-01 16:30:00+01:00,2226.0173410404623,3928.471173184357,0.0,0.0,1702.4538,0.0,1702.4538,0.1419,0.065,-0.12078909711000001,-0.12078909711000001
2022-03-01 17:00:00+01:00,894.3270440251572,3760.463370165746,0.0,0.0,2866.1363,0.0,2866.1363,0.1419,0.065,-0.203352370485,-0.203352370485
2022-03-01 17:30:00+01:00,83.56488549618321,477.6021111111111,0.0,0.0,394.03723,0.0,394.03723,0.1907,0.065,-0.037571449880500006,-0.037571449880500006
2022-03-01 18:00:00+01:00,47.32203389830509,386.13848314606736,0.0,0.0,338.81645,0.0,338.81645,0.1907,0.065,-0.0323061485075,-0.0323061485075
2022-03-01 18:30:00+01:00,0.0,354.69474860335197,0.0,0.0,354.69475,0.0,354.69475,0.1907,0.065,-0.0338201444125,-0.0338201444125
2022-03-01 19:00:00+01:00,0.0,414.5970224719101,0.0,0.0,414.59702,0.0,414.59702,0.1907,0.065,-0.039531825857000005,-0.039531825857000005
2022-03-01 19:30:00+01:00,0.0,683.5080446927375,0.0,0.0,683.50804,0.0,683.50804,0.1907,0.065,-0.06517249161400002,-0.06517249161400002
2022-03-01 20:00:00+01:00,0.0,298.1425423728814,0.0,0.0,298.14254,0.0,298.14254,0.1907,0.065,-0.028427891189,-0.028427891189
2022-03-01 20:30:00+01:00,0.0,2140.4805056179775,0.0,750.0,2890.4805,0.0,2890.4805,0.1419,0.065,-0.20507959147500002,-0.20507959147500002
2022-03-01 21:00:00+01:00,0.0,2820.798715083799,0.0,750.0,3570.7987,0.0,3570.7987,0.1419,0.065,-0.25334816776499997,-0.25334816776499997
2022-03-01 21:30:00+01:00,0.0,3005.581173184358,0.0,750.0,3755.5812,0.0,3755.5812,0.1419,0.065,-0.26645848614,-0.26645848614
2022-03-01 22:00:00+01:00,0.0,2614.2883333333334,0.0,750.0,3364.2883,0.0,3364.2883,0.1419,0.065,-0.23869625488500001,-0.23869625488500001
2022-03-01 22:30:00+01:00,0.0,2318.0145810055865,0.0,750.0,3068.0146,0.0,3068.0146,0.1419,0.065,-0.21767563587000002,-0.21767563587000002
2022-03-01 23:00:00+01:00,0.0,352.20469273743015,0.0,750.0,1102.2047,0.0,1102.2047,0.1419,0.065,-0.078201423465,-0.078201423465
2022-03-01 23:30:00+01:00,0.0,254.41039106145251,0.0,0.0,254.41039,0.0,254.41039,0.1419,0.065,-0.018050417170500002,-0.018050417170500002
2022-03-02 00:00:00+01:00,0.0,307.3207262569833,0.0,0.0,307.32073,0.0,307.32073,0.1419,0.065,-0.021804405793500004,-0.021804405793500004
2022-03-02 00:30:00+01:00,0.0,267.2252247191011,3000.0,750.0,4017.2252,0.0,4017.2252,0.1419,0.065,-0.28502212794,-0.28502212794
2022-03-02 01:00:00+01:00,0.0,563.7437362637363,3000.0,750.0,4313.7437,0.0,4313.7437,0.1419,0.065,-0.306060115515,-0.306060115515
2022-03-02 01:30:00+01:00,0.0,628.5495675675676,3000.0,750.0,4378.5496,0.0,4378.5496,0.1419,0.065,-0.31065809412000006,-0.31065809412000006
2022-03-02 02:00:00+01:00,0.0,475.6581460674157,3000.0,750.0,4225.6581,0.0,4225.6581,0.1419,0.065,-0.29981044219499997,-0.29981044219499997
2022-03-02 02:30:00+01:00,0.0,306.06786516853936,0.0,750.0,1056.0679,0.0,1056.0679,0.1419,0.065,-0.074928017505,-0.074928017505
2022-03-02 03:00:00+01:00,0.0,335.82083798882684,0.0,0.0,335.82084,0.0,335.82084,0.1907,0.065,-0.032020517094,-0.032020517094
2022-03-02 03:30:00+01:00,0.0,543.1953888888888,0.0,0.0,543.19539,0.0,543.19539,0.1907,0.065,-0.0517936804365,-0.0517936804365
2022-03-02 04:00:00+01:00,0.0,685.1396648044692,0.0,0.0,685.13966,0.0,685.13966,0.1907,0.065,-0.065328066581,-0.065328066581
2022-03-02 04:30:00+01:00,0.0,744.0026404494382,0.0,0.0,744.00264,0.0,744.00264,0.1907,0.065,-0.070940651724,-0.070940651724
2022-03-02 05:00:00+01:00,0.0,796.9650837988827,0.0,0.0,796.96508,0.0,796.96508,0.1907,0.065,-0.075990620378,-0.075990620378
2022-03-02 05:30:00+01:00,0.0,1389.7777906976744,0.0,0.0,1389.7778,0.0,1389.7778,0.1907,0.065,-0.13251531323000001,-0.13251531323000001
2022-03-02 06:00:00+01:00,0.0,3153.1912359550565,0.0,0.0,3153.1912,0.0,3153.1912,0.1907,0.065,-0.30065678092000003,-0.30065678092000003
2022-03-02 06:30:00+01:00,0.0,3278.92816091954,0.0,0.0,3278.9282,0.0,3278.9282,0.1907,0.065,-0.31264580387,-0.31264580387
2022-03-02 07:00:00+01:00,0.0,1557.3930898876406,0.0,0.0,1557.3931,0.0,1557.3931,0.1907,0.065,-0.14849743208500002,-0.14849743208500002
2022-03-02 07:30:00+01:00,129.69072164948454,1111.2040853658536,0.0,0.0,981.51336,0.0,981.51336,0.1907,0.065,-0.09358729887600001,-0.09358729887600001
2022-03-02 08:00:00+01:00,327.5,916.9720987654322,0.0,0.0,589.4721,0.0,589.4721,0.1907,0.065,-0.056206164735,-0.056206164735
2022-03-02 08:30:00+01:00,637.5986394557823,956.6059393939395,0.0,0.0,319.0073,0.0,319.0073,0.1907,0.065,-0.030417346055,-0.030417346055
2022-03-02 09:00:00+01:00,1281.7006369426751,1863.479411764706,0.0,0.0,581.77877,0.0,581.77877,0.1907,0.065,-0.0554726057195,-0.0554726057195
2022-03-02 09:30:00+01:00,1830.2969696969697,970.4230057803468,0.0,750.0,0.0,-109.87396,-109.87396,0.1907,0.065,0.0035709037,0.0035709037
2022-03-02 10:00:00+01:00,2045.0632183908046,926.65156424581,0.0,750.0,0.0,-368.41165,-368.41165,0.1907,0.065,0.011973378625000001,0.011973378625000001
2022-03-02 10:30:00+01:00,2647.2947976878613,2236.3598882681563,0.0,750.0,339.06509,0.0,339.06509,0.1907,0.065,-0.032329856331500005,-0.032329856331500005
2022-03-02 11:00:00+01:00,3100.2748538011697,741.3844943820225,3000.0,0.0,641.10964,0.0,641.10964,0.1907,0.065,-0.06112980417400001,-0.06112980417400001
2022-03-02 11:30:00+01:00,3381.225433526012,566.7414606741572,3000.0,0.0,185.51603,0.0,185.51603,0.1907,0.065,-0.017688953460500003,-0.017688953460500003
2022-03-02 12:00:00+01:00,2938.52,1313.172808988764,3000.0,0.0,1374.6528,0.0,1374.6528,0.1907,0.065,-0.13107314448000001,-0.13107314448000001
2022-03-02 12:30:00+01:00,2193.1279069767443,454.3617415730337,3000.0,0.0,1261.2338,0.0,1261.2338,0.1907,0.065,-0.12025864283,-0.12025864283
2022-03-02 13:00:00+01:00,2160.1885714285713,364.6428248587571,3000.0,0.0,1204.4543,0.0,1204.4543,0.1907,0.065,-0.11484471750500003,-0.11484471750500003
2022-03-02 13:30:00+01:00,2338.465909090909,367.91966101694914,3000.0,0.0,1029.4538,0.0,1029.4538,0.1907,0.065,-0.09815841983,-0.09815841983
2022-03-02 14:00:00+01:00,1546.4082840236686,256.4906779661017,0.0,750.0,0.0,-539.91761,-539.91761,0.1907,0.065,0.017547322325,0.017547322325
2022-03-02 14:30:00+01:00,1507.0987654320988,378.39167630057807,0.0,750.0,0.0,-378.70709,-378.70709,0.1907,0.065,0.012307980425,0.012307980425
2022-03-02 15:00:00+01:00,1543.716049382716,448.20637931034486,0.0,750.0,0.0,-345.50967,-345.50967,0.1907,0.065,0.011229064275,0.011229064275
2022-03-02 15:30:00+01:00,1258.3435582822085,2751.340222222222,0.0,750.0,2242.9967,0.0,2242.9967,0.1419,0.065,-0.159140615865,-0.159140615865
2022-03-02 16:00:00+01:00,805.3537414965987,3771.9058469945358,0.0,0.0,2966.5521,0.0,2966.5521,0.1419,0.065,-0.210476871495,-0.210476871495
2022-03-02 16:30:00+01:00,550.0683760683761,2698.9602366863905,0.0,0.0,2148.8919,0.0,2148.8919,0.1419,0.065,-0.152463880305,-0.152463880305
2022-03-02 17:00:00+01:00,323.84671532846716,3194.448938547486,0.0,0.0,2870.6022,0.0,2870.6022,0.1419,0.065,-0.20366922609,-0.20366922609
2022-03-02 17:30:00+01:00,113.72268907563026,656.0421301775148,0.0,0.0,542.31944,0.0,542.31944,0.1907,0.065,-0.051710158604,-0.051710158604
2022-03-02 18:00:00+01:00,29.5,323.2499438202247,0.0,0.0,293.74994,0.0,293.74994,0.1907,0.065,-0.028009056778999997,-0.028009056778999997
2022-03-02 18:30:00+01:00,0.0,329.3016853932584,0.0,0.0,329.30169,0.0,329.30169,0.1907,0.065,-0.031398916141500005,-0.031398916141500005
2022-03-02 19:00:00+01:00,0.0,1424.5411731843576,0.0,0.0,1424.5412,0.0,1424.5412,0.1907,0.065,-0.13583000342,-0.13583000342
2022-03-02 19:30:00+01:00,0.0,353.1599441340782,0.0,0.0,353.15994,0.0,353.15994,0.1907,0.065,-0.03367380027900001,-0.03367380027900001
2022-03-02 20:00:00+01:00,0.0,379.8478770949721,0.0,0.0,379.84788,0.0,379.84788,0.1907,0.065,-0.036218495358,-0.036218495358
2022-03-02 20:30:00+01:00,0.0,1842.9762569832403,0.0,0.0,1842.9763,0.0,1842.9763,0.1419,0.065,-0.130759168485,-0.130759168485
2022-03-02 21:00:00+01:00,0.0,2909.4767415730335,0.0,0.0,2909.4767,0.0,2909.4767,0.1419,0.065,-0.20642737186500001,-0.20642737186500001
2022-03-02 21:30:00+01:00,0.0,2896.6722346368715,0.0,750.0,3646.6722,0.0,3646.6722,0.1419,0.065,-0.25873139259,-0.25873139259
2022-03-02 22:00:00+01:00,0.0,2610.2651111111113,0.0,0.0,2610.2651,0.0,2610.2651,0.1419,0.065,-0.18519830884500002,-0.18519830884500002
2022-03-02 22:30:00+01:00,0.0,2124.8911797752808,0.0,0.0,2124.8912,0.0,2124.8912,0.1419,0.065,-0.15076103064000002,-0.15076103064000002
2022-03-02 23:00:00+01:00,0.0,393.7693220338983,0.0,0.0,393.76932,0.0,393.76932,0.1419,0.065,-0.027937933254,-0.027937933254
2022-03-02 23:30:00+01:00,0.0,329.5656571428571,0.0,750.0,1079.5657,0.0,1079.5657,0.1419,0.065,-0.076595186415,-0.076595186415
2022-03-03 00:00:00+01:00,0.0,214.95473988439306,0.0,750.0,964.95474,0.0,964.95474,0.1419,0.065,-0.068463538803,-0.068463538803
2022-03-03 00:30:00+01:00,0.0,254.92180790960455,0.0,750.0,1004.9218,0.0,1004.9218,0.1419,0.065,-0.07129920171,-0.07129920171
2022-03-03 01:00:00+01:00,0.0,653.0385393258427,0.0,750.0,1403.0385,0.0,1403.0385,0.1419,0.065,-0.099545581575,-0.099545581575
2022-03-03 01:30:00+01:00,0.0,694.8668181818182,0.0,750.0,1444.8668,0.0,1444.8668,0.1419,0.065,-0.10251329946,-0.10251329946
2022-03-03 02:00:00+01:00,0.0,856.8446739130435,0.0,750.0,1606.8447,0.0,1606.8447,0.1419,0.065,-0.114005631465,-0.114005631465
2022-03-03 02:30:00+01:00,0.0,914.380597826087,0.0,750.0,1664.3806,0.0,1664.3806,0.1419,0.065,-0.11808780357,-0.11808780357
2022-03-03 03:00:00+01:00,0.0,599.8399421965318,0.0,0.0,599.83994,0.0,599.83994,0.1907,0.065,-0.057194738279,-0.057194738279
2022-03-03 03:30:00+01:00,0.0,703.5027607361963,0.0,0.0,703.50276,0.0,703.50276,0.1907,0.065,-0.067078988166,-0.067078988166
2022-03-03 04:00:00+01:00,0.0,646.7419879518072,0.0,0.0,646.74199,0.0,646.74199,0.1907,0.065,-0.061666848746500004,-0.061666848746500004
2022-03-03 04:30:00+01:00,0.0,1009.152816091954,0.0,0.0,1009.1528,0.0,1009.1528,0.1907,0.065,-0.09622271948,-0.09622271948
2022-03-03 05:00:00+01:00,0.0,967.1363841807911,0.0,0.0,967.13638,0.0,967.13638,0.1907,0.065,-0.092216453833,-0.092216453833
2022-03-03 05:30:00+01:00,0.0,935.1571508379889,0.0,0.0,935.15715,0.0,935.15715,0.1907,0.065,-0.0891672342525,-0.0891672342525
2022-03-03 06:00:00+01:00,0.0,3267.5106703910615,0.0,0.0,3267.5107,0.0,3267.5107,0.1907,0.065,-0.311557145245,-0.311557145245
2022-03-03 06:30:00+01:00,0.0,3286.2027777777776,0.0,0.0,3286.2028,0.0,3286.2028,0.1907,0.065,-0.31333943698,-0.31333943698
2022-03-03 07:00:00+01:00,0.0,1496.1914772727273,0.0,0.0,1496.1915,0.0,1496.1915,0.1907,0.065,-0.14266185952500002,-0.14266185952500002
2022-03-03 07:30:00+01:00,115.56410256410257,794.2991620111732,0.0,0.0,678.73506,0.0,678.73506,0.1907,0.065,-0.06471738797099999,-0.06471738797099999
2022-03-03 08:00:00+01:00,254.046875,832.2424719101124,0.0,0.0,578.1956,0.0,578.1956,0.1907,0.065,-0.05513095046,-0.05513095046
2022-03-03 08:30:00+01:00,279.4485294117647,788.9761235955057,0.0,0.0,509.52759,0.0,509.52759,0.1907,0.065,-0.048583455706499995,-0.048583455706499995
2022-03-03 09:00:00+01:00,664.1192052980133,781.2152298850575,0.0,0.0,117.09602,0.0,117.09602,0.1907,0.065,-0.011165105507,-0.011165105507
2022-03-03 09:30:00+01:00,1184.203488372093,664.0545197740113,0.0,750.0,229.85103,0.0,229.85103,0.1907,0.065,-0.0219162957105,-0.0219162957105
2022-03-03 10:00:00+01:00,2402.639053254438,666.1989265536723,0.0,750.0,0.0,-986.44013,-986.44013,0.1907,0.065,0.032059304225,0.032059304225
2022-03-03 10:30:00+01:00,2736.769230769231,669.4183146067417,3000.0,0.0,932.64908,0.0,932.64908,0.1907,0.065,-0.088928089778,-0.088928089778
2022-03-03 11:00:00+01:00,3020.2115384615386,579.2235294117647,3000.0,0.0,559.01199,0.0,559.01199,0.1907,0.065,-0.0533017932465,-0.0533017932465
2022-03-03 11:30:00+01:00,3330.3057324840765,642.7344318181817,3000.0,0.0,312.4287,0.0,312.4287,0.1907,0.065,-0.029790076545000002,-0.029790076545000002
2022-03-03 12:00:00+01:00,3543.1216216216217,637.1688636363637,3000.0,0.0,94.047242,0.0,94.047242,0.1907,0.065,-0.0089674045247,-0.0089674045247
2022-03-03 12:30:00+01:00,3660.7820512820513,649.3890173410405,3000.0,0.0,0.0,-11.393034,-11.393034,0.1907,0.065,0.00037027360500000003,0.00037027360500000003
2022-03-03 13:00:00+01:00,3678.4025157232704,509.79664739884396,3000.0,0.0,0.0,-168.60587,-168.60587,0.1907,0.065,0.0054796907750000005,0.0054796907750000005
2022-03-03 13:30:00+01:00,3694.801282051282,500.53686046511626,3000.0,0.0,0.0,-194.26442,-194.26442,0.1907,0.065,0.006313593650000001,0.006313593650000001
2022-03-03 14:00:00+01:00,3600.765060240964,520.944,3000.0,0.0,0.0,-79.82106,-79.82106,0.1907,0.065,0.00259418445,0.00259418445
2022-03-03 14:30:00+01:00,3433.1753246753246,415.32341040462427,3000.0,0.0,0.0,-17.851914,-17.851914,0.1907,0.065,0.0005801872050000001,0.0005801872050000001
2022-03-03 15:00:00+01:00,3264.423076923077,321.6410285714286,3000.0,0.0,57.217952,0.0,57.217952,0.1907,0.065,-0.0054557317232,-0.0054557317232
2022-03-03 15:30:00+01:00,2879.277777777778,3778.0933888888894,0.0,750.0,1648.8156,0.0,1648.8156,0.1419,0.065,-0.11698346681999999,-0.11698346681999999
2022-03-03 16:00:00+01:00,2476.5535714285716,3990.816179775281,0.0,750.0,2264.2626,0.0,2264.2626,0.1419,0.065,-0.16064943147,-0.16064943147
2022-03-03 16:30:00+01:00,1959.5290697674418,3909.8039890710384,0.0,750.0,2700.2749,0.0,2700.2749,0.1419,0.065,-0.191584504155,-0.191584504155
2022-03-03 17:00:00+01:00,955.75625,4206.869447513812,0.0,750.0,4001.1132,0.0,4001.1132,0.1419,0.065,-0.28387898153999996,-0.28387898153999996
2022-03-03 17:30:00+01:00,152.13223140495867,486.26584269662925,0.0,0.0,334.13361,0.0,334.13361,0.1907,0.065,-0.0318596397135,-0.0318596397135
2022-03-03 18:00:00+01:00,57.10294117647059,402.43446927374305,0.0,0.0,345.33153,0.0,345.33153,0.1907,0.065,-0.0329273613855,-0.0329273613855
2022-03-03 18:30:00+01:00,0.0,316.17875,0.0,0.0,316.17875,0.0,316.17875,0.1907,0.065,-0.0301476438125,-0.0301476438125
2022-03-03 19:00:00+01:00,0.0,867.4,0.0,0.0,867.4,0.0,867.4,0.1907,0.065,-0.08270659000000001,-0.08270659000000001
2022-03-03 19:30:00+01:00,0.0,340.8070760233918,0.0,0.0,340.80708,0.0,340.80708,0.1907,0.065,-0.032495955078,-0.032495955078
2022-03-03 20:00:00+01:00,0.0,349.07406779661017,0.0,0.0,349.07407,0.0,349.07407,0.1907,0.065,-0.033284212574500004,-0.033284212574500004
2022-03-03 20:30:00+01:00,0.0,1790.5224581005587,0.0,750.0,2540.5225,0.0,2540.5225,0.1419,0.065,-0.18025007137500001,-0.18025007137500001
2022-03-03 21:00:00+01:00,0.0,2612.0882857142856,0.0,750.0,3362.0883,0.0,3362.0883,0.1419,0.065,-0.238540164885,-0.238540164885
2022-03-03 21:30:00+01:00,0.0,2617.098882681564,0.0,750.0,3367.0989,0.0,3367.0989,0.1419,0.065,-0.238895666955,-0.238895666955
